0.000000,0.000000,0.000000,0.000000,-0.000000,0.000000,-0.000000
-0.001000,0.008000,0.003000,-0.001000,-0.008000,-0.000000,-0.000000
-0.004000,0.007000,0.000000,-0.004000,-0.007000,-0.000000,-0.000000
-0.010000,0.015000,0.005000,-0.010000,-0.015000,-0.000000,-0.000000
-0.014000,0.005000,-0.001000,-0.014000,-0.005000,-0.000000,-0.000000
-0.009000,0.008000,0.008000,-0.009000,-0.008000,-0.000000,-0.000000
-0.012000,0.009000,0.008000,-0.012000,-0.009000,-0.000000,-0.000000
-0.022000,0.005000,0.011000,-0.022000,-0.005000,-0.000000,-0.000000
-0.019000,0.004000,0.010000,-0.019000,-0.004000,-0.000000,-0.000000
-0.022000,0.003000,0.013000,-0.022000,-0.003000,-0.000000,-0.000000
-0.021000,-0.001000,0.028000,-0.021000,0.001000,-0.000000,-0.000000
-0.015000,0.002000,0.026000,-0.015000,-0.002000,0.000000,-0.000000
-0.011000,0.001000,0.028000,-0.011000,-0.001000,-0.000000,-0.000000
-0.009000,-0.004000,0.019000,-0.009000,0.004000,-0.000000,0.000000
-0.012000,0.003000,0.011000,-0.012000,-0.003000,-0.000000,0.000000
-0.006000,0.002000,0.016000,-0.006000,-0.002000,-0.000000,-0.000000
0.000000,0.006000,0.007000,0.000000,-0.006000,-0.000000,-0.000000
-0.006000,0.007000,-0.001000,-0.006000,-0.007000,-0.000000,-0.000000
-0.013000,0.013000,0.007000,-0.013000,-0.013000,-0.000000,-0.000000
-0.013000,0.004000,0.010000,-0.013000,-0.004000,-0.000000,-0.000000
-0.017000,0.009000,-0.003000,-0.017000,-0.009000,-0.000000,-0.000000
-0.019000,0.006000,0.000000,-0.019000,-0.006000,-0.000000,-0.000000
-0.018000,-0.005000,-0.008000,-0.018000,0.005000,0.000000,-0.000000
-0.005000,0.008000,0.005000,-0.005000,-0.008000,-0.000000,-0.000000
-0.014000,0.003000,0.001000,-0.014000,-0.003000,-0.000000,-0.000000
-0.016000,0.003000,-0.002000,-0.016000,-0.003000,-0.000000,-0.000000
-0.019000,0.007000,-0.002000,-0.018975,-0.007066,-0.000000,-0.000000
-0.012000,-0.003000,-0.008000,-0.012010,0.002958,-0.000000,-0.000000
-0.006000,-0.005000,0.003000,-0.006017,0.004979,-0.000000,-0.000000
-0.006000,-0.003000,-0.010000,-0.006010,0.002979,-0.000000,-0.000000
-0.008000,-0.001000,-0.006000,-0.008003,0.000972,-0.000000,-0.000000
-0.014000,-0.007000,-0.005000,-0.014024,0.006951,-0.000000,-0.000000
0.081000,-0.129000,0.023000,0.080549,0.129201,-0.000000,0.000000
0.037000,0.019000,0.031000,0.037066,-0.018817,0.000000,0.000000
-0.014000,0.146000,0.025000,-0.013490,-0.146004,0.000000,0.000000
0.014000,-0.015000,0.002000,0.013948,0.015045,0.000000,-0.000000
-0.003000,-0.005000,0.006000,-0.003017,0.004989,0.000000,-0.000000
-0.028000,0.059000,0.015000,-0.027794,-0.059097,0.000000,-0.000000
-0.018000,0.003000,-0.001000,-0.017989,-0.003063,-0.000000,-0.000000
-0.011000,-0.013000,0.003000,-0.011045,0.012962,-0.000000,-0.000000
-0.018000,0.003000,-0.003000,-0.017989,-0.003063,-0.000000,-0.000000
-0.018000,0.002000,0.002000,-0.017993,-0.002063,-0.000000,-0.000000
-0.009000,-0.008000,-0.003000,-0.009028,0.007969,-0.000000,-0.000000
0.075000,0.226000,0.013000,0.075788,-0.225690,-0.000000,-0.000000
0.034000,0.276000,0.015000,0.034963,-0.275826,0.000000,-0.000000
0.130000,0.182000,-0.012000,0.130000,-0.182060,0.000000,-0.100000
0.052000,0.100000,0.018000,0.052381,-0.099722,0.000000,-0.100000
0.063000,0.122000,0.112000,0.065918,-0.119861,0.000000,-0.100000
0.061000,0.151000,0.210000,0.067957,-0.143634,0.000000,-0.100000
0.296000,0.083000,0.476000,0.299948,-0.058061,0.000000,-0.100000
0.564000,0.164000,0.320000,0.553561,-0.133078,0.100000,-0.100000
0.931000,0.133000,0.009000,0.932195,-0.074714,0.200000,-0.100000
1.029000,0.097000,-0.096000,1.036718,-0.051771,0.300000,-0.100000
1.001000,-0.047000,-0.112000,1.006596,0.057138,0.400000,-0.100000
0.938000,-0.108000,-0.196000,0.953276,0.104126,0.400000,-0.100000
0.794000,-0.213000,-0.253000,0.820083,0.198021,0.500000,-0.100000
0.692000,-0.260000,-0.181000,0.717623,0.231379,0.600000,-0.100000
0.554000,-0.378000,-0.109000,0.591981,0.330101,0.700000,-0.100000
0.462000,-0.383000,-0.085000,0.502450,0.337174,0.700000,-0.000000
0.430000,-0.484000,-0.008000,0.476209,0.436639,0.800000,0.000000
0.433000,-0.463000,0.067000,0.473649,0.410570,0.800000,0.100000
0.513000,-0.423000,0.068000,0.546036,0.365582,0.800000,0.100000
0.598000,-0.434000,0.043000,0.632943,0.368292,0.900000,0.100000
0.728000,-0.405000,-0.025000,0.763539,0.330155,1.000000,0.200000
0.782000,-0.403000,-0.035000,0.816542,0.325851,1.000000,0.200000
0.815000,-0.347000,-0.090000,0.848922,0.268370,1.100000,0.200000
0.856000,-0.330000,-0.099000,0.888811,0.247550,1.200000,0.200000
0.818000,-0.314000,-0.051000,0.848595,0.222312,1.300000,0.300000
0.765000,-0.361000,-0.020000,0.799573,0.271362,1.300000,0.300000
0.809000,-0.332000,-0.040000,0.840749,0.240928,1.400000,0.300000
0.831000,-0.419000,0.034000,0.868135,0.317082,1.500000,0.300000
0.831000,-0.367000,-0.003000,0.864404,0.269331,1.500000,0.400000
0.797000,-0.338000,0.026000,0.825279,0.243712,1.600000,0.400000
0.789000,-0.344000,0.024000,0.818189,0.250636,1.700000,0.400000
0.753000,-0.334000,-0.001000,0.783363,0.245420,1.700000,0.400000
0.758000,-0.315000,-0.015000,0.787305,0.226341,1.800000,0.400000
0.719000,-0.365000,-0.015000,0.755263,0.277829,1.900000,0.500000
0.780000,-0.373000,0.017000,0.813093,0.280637,1.900000,0.500000
0.779000,-0.345000,-0.011000,0.811356,0.253599,2.000000,0.500000
0.748000,-0.348000,-0.006000,0.780598,0.260001,2.000000,0.500000
0.714000,-0.376000,-0.036000,0.752411,0.292486,2.100000,0.600000
0.695000,-0.405000,-0.004000,0.734392,0.322604,2.100000,0.600000
0.681000,-0.385000,-0.038000,0.719804,0.307816,2.200000,0.600000
0.690000,-0.362000,-0.021000,0.723910,0.286018,2.200000,0.600000
0.706000,-0.399000,0.034000,0.739776,0.319544,2.300000,0.700000
0.737000,-0.445000,0.028000,0.775478,0.362119,2.300000,0.700000
0.723000,-0.370000,-0.029000,0.757945,0.290657,2.400000,0.700000
0.726000,-0.357000,-0.004000,0.757806,0.276683,2.500000,0.700000
0.743000,-0.370000,-0.007000,0.776153,0.287868,2.500000,0.700000
0.746000,-0.371000,-0.008000,0.779310,0.288567,2.600000,0.800000
0.734000,-0.394000,0.021000,0.767608,0.311889,2.600000,0.800000
0.682000,-0.400000,0.039000,0.715480,0.322920,2.700000,0.800000
0.714000,-0.405000,0.042000,0.746376,0.326963,2.700000,0.800000
0.757000,-0.420000,-0.012000,0.793155,0.341747,2.800000,0.900000
0.739000,-0.381000,-0.073000,0.776204,0.306753,2.800000,0.900000
0.697000,-0.373000,-0.030000,0.729496,0.304142,2.900000,0.900000
0.689000,-0.359000,-0.011000,0.718806,0.290400,2.900000,0.900000
0.691000,-0.345000,0.000000,0.718705,0.275906,2.900000,1.000000
0.669000,-0.364000,-0.006000,0.699005,0.297155,3.000000,1.000000
0.640000,-0.371000,0.032000,0.668189,0.305672,3.000000,1.000000
0.673000,-0.328000,0.000000,0.697281,0.265633,3.100000,1.000000
0.690000,-0.336000,0.018000,0.712711,0.273932,3.100000,1.000000
0.667000,-0.354000,-0.016000,0.693729,0.295020,3.100000,1.000000
0.672000,-0.426000,0.002000,0.703522,0.365618,3.200000,1.100000
0.698000,-0.434000,0.062000,0.726092,0.369145,3.200000,1.100000
0.706000,-0.421000,0.063000,0.732878,0.355471,3.300000,1.100000
0.699000,-0.455000,0.025000,0.731373,0.391222,3.300000,1.100000
0.687000,-0.425000,-0.019000,0.718791,0.366563,3.300000,1.200000
0.643000,-0.390000,-0.022000,0.672475,0.335494,3.400000,1.200000
0.606000,-0.359000,-0.011000,0.631440,0.309494,3.400000,1.200000
0.609000,-0.368000,-0.015000,0.634264,0.320589,3.400000,1.200000
0.631000,-0.387000,0.013000,0.654662,0.338976,3.500000,1.300000
0.594000,-0.375000,-0.041000,0.619145,0.334098,3.500000,1.300000
0.626000,-0.467000,-0.008000,0.655163,0.422209,3.500000,1.300000
0.634000,-0.484000,0.017000,0.662712,0.437568,3.500000,1.300000
0.608000,-0.535000,0.051000,0.638314,0.488800,3.600000,1.400000
0.618000,-0.492000,0.024000,0.645261,0.448545,3.600000,1.400000
0.604000,-0.519000,0.051000,0.631602,0.475339,3.600000,1.400000
0.619000,-0.451000,0.014000,0.641662,0.412511,3.700000,1.500000
0.537000,-0.450000,-0.021000,0.561924,0.417900,3.700000,1.500000
0.558000,-0.427000,-0.064000,0.582721,0.397632,3.700000,1.500000
0.563000,-0.433000,0.026000,0.581250,0.401505,3.700000,1.500000
0.585000,-0.439000,0.027000,0.604788,0.404111,3.800000,1.600000
0.591000,-0.424000,0.045000,0.607361,0.390157,3.800000,1.600000
0.612000,-0.496000,0.028000,0.632850,0.461552,3.800000,1.600000
0.569000,-0.457000,-0.068000,0.591026,0.433412,3.800000,1.600000
0.546000,-0.509000,-0.067000,0.571923,0.484231,3.800000,1.700000
0.573000,-0.488000,0.011000,0.590036,0.462696,3.900000,1.700000
0.563000,-0.463000,0.040000,0.576106,0.438810,3.900000,1.700000
0.565000,-0.418000,0.016000,0.576374,0.396971,3.900000,1.800000
0.560000,-0.426000,-0.005000,0.571463,0.408014,3.900000,1.800000
0.578000,-0.419000,-0.002000,0.589060,0.400324,3.900000,1.800000
0.590000,-0.466000,-0.017000,0.603158,0.447559,4.000000,1.800000
0.588000,-0.480000,0.013000,0.599897,0.460300,4.000000,1.900000
0.546000,-0.493000,0.033000,0.555558,0.475669,4.000000,1.900000
0.608000,-0.540000,0.052000,0.615727,0.522198,4.000000,1.900000
0.625000,-0.501000,-0.014000,0.633659,0.487956,4.000000,1.900000
0.633000,-0.495000,0.003000,0.640478,0.481133,4.100000,2.000000
0.565000,-0.480000,-0.010000,0.569925,0.472119,4.100000,2.000000
0.592000,-0.445000,0.043000,0.590071,0.439120,4.100000,2.000000
0.629000,-0.425000,0.064000,0.623706,0.420470,4.100000,2.100000
0.655000,-0.354000,0.030000,0.649916,0.352883,4.100000,2.100000
0.676000,-0.308000,0.016000,0.668456,0.314450,4.200000,2.100000
0.779000,-0.231000,-0.074000,0.776975,0.248825,4.200000,2.100000
0.921000,-0.211000,-0.010000,0.909960,0.236619,4.200000,2.100000
1.039000,-0.190000,0.069000,1.016946,0.228597,4.300000,2.100000
1.047000,-0.115000,0.034000,1.027451,0.176065,4.300000,2.100000
1.077000,-0.059000,-0.039000,1.066340,0.137534,4.400000,2.100000
1.077000,0.004000,-0.075000,1.074358,0.089979,4.500000,2.100000
1.157000,0.016000,-0.054000,1.150701,0.096656,4.500000,2.100000
1.165000,0.014000,-0.098000,1.161821,0.119990,4.600000,2.100000
1.217000,0.049000,-0.176000,1.226062,0.104879,4.700000,2.000000
1.188000,0.043000,-0.140000,1.191042,0.118765,4.800000,2.000000
1.230000,0.059000,-0.050000,1.221955,0.124693,4.800000,2.000000
1.244000,0.058000,-0.023000,1.229839,0.148947,4.900000,2.000000
1.274000,0.076000,-0.041000,1.262671,0.149467,5.000000,2.000000
1.249000,0.114000,-0.069000,1.245551,0.133881,5.100000,2.000000
1.280000,0.179000,-0.084000,1.288501,0.098547,5.100000,2.000000
1.339000,0.193000,-0.174000,1.357509,0.130686,5.200000,2.000000
1.372000,0.218000,-0.165000,1.392830,0.128452,5.300000,2.000000
1.320000,0.246000,-0.124000,1.342476,0.111126,5.400000,2.000000
1.331000,0.257000,-0.180000,1.361092,0.131815,5.500000,2.000000
1.255000,0.267000,-0.166000,1.287933,0.122824,5.500000,2.000000
1.290000,0.323000,-0.114000,1.329221,0.107117,5.600000,2.000000
1.299000,0.388000,-0.116000,1.357167,0.081471,5.700000,1.900000
1.290000,0.392000,-0.147000,1.353178,0.088722,5.800000,1.900000
1.152000,0.435000,-0.223000,1.249234,0.012738,5.800000,1.900000
1.150000,0.429000,-0.111000,1.230566,0.055336,5.900000,1.900000
1.120000,0.298000,-0.095000,1.148051,0.180562,6.000000,1.900000
1.152000,0.422000,-0.145000,1.230762,0.106464,6.000000,1.900000
1.245000,0.422000,-0.085000,1.306199,0.164141,6.100000,1.900000
1.076000,0.488000,0.013000,1.175728,0.039904,6.100000,1.900000
0.833000,0.376000,-0.158000,0.920677,0.001344,6.200000,1.900000
0.547000,0.443000,0.895000,0.679373,-0.143277,6.200000,1.800000
0.234000,0.279000,0.508000,0.325224,-0.144049,6.200000,1.800000
0.015000,0.311000,0.638000,0.148751,-0.267631,6.200000,1.800000
0.021000,0.198000,0.380000,0.106013,-0.168115,6.100000,1.700000
-0.063000,0.143000,0.205000,0.005570,-0.155261,6.100000,1.700000
-0.007000,-0.039000,0.137000,-0.022741,0.032059,6.000000,1.700000
0.035000,0.005000,0.104000,0.034052,0.010771,5.900000,1.700000
-0.016000,-0.021000,0.055000,-0.023288,0.012022,5.900000,1.600000
-0.024000,0.008000,0.036000,-0.018074,-0.017530,5.800000,1.600000
-0.048000,-0.017000,0.013000,-0.050582,-0.005410,5.800000,1.600000
-0.052000,0.025000,0.013000,-0.036052,-0.044995,5.700000,1.600000
-0.076000,-0.002000,0.006000,-0.069380,-0.031035,5.600000,1.600000
-0.071000,0.018000,0.004000,-0.056237,-0.046911,5.600000,1.500000
-0.081000,0.003000,-0.003000,-0.071763,-0.037704,0.000000,1.500000
-0.040000,0.021000,0.013000,-0.026949,-0.036223,-0.000000,1.500000
-0.070000,-0.003000,0.005000,-0.064405,-0.027541,-0.000000,-0.000000
-0.032000,0.017000,0.008000,-0.021482,-0.029158,-0.000000,-0.000000
-0.047000,-0.007000,-0.017000,-0.045477,-0.013994,-0.000000,-0.000000
-0.029000,0.021000,0.010000,-0.017150,-0.031410,-0.000000,-0.000000
-0.001000,0.013000,0.006000,0.004696,-0.012173,-0.000000,-0.000000
-0.009000,0.040000,0.017000,0.009094,-0.039995,-0.000000,-0.000000
-0.041000,0.026000,0.012000,-0.025838,-0.041074,-0.000000,-0.000000
-0.041000,0.001000,0.008000,-0.036576,-0.018490,-0.000000,-0.000000
-0.061000,-0.002000,0.020000,-0.055883,-0.024360,-0.000000,-0.000000
-0.053000,-0.014000,0.022000,-0.053796,-0.010088,0.000000,-0.000000
-0.055000,0.002000,0.015000,-0.048767,-0.025399,-0.000000,-0.000000
-0.058000,-0.010000,0.005000,-0.056663,-0.015845,-0.000000,-0.000000
-0.054000,0.003000,-0.012000,-0.047540,-0.025871,-0.000000,-0.000000
-0.057000,0.003000,0.000000,-0.050298,-0.026984,-0.000000,-0.000000
-0.054000,0.004000,0.009000,-0.047122,-0.026612,-0.000000,-0.000000
-0.044000,0.012000,0.013000,-0.034652,-0.029593,-0.000000,-0.000000
-0.038000,0.008000,0.007000,-0.030950,-0.023419,-0.000000,-0.000000
-0.032000,0.007000,0.010000,-0.025935,-0.019960,-0.000000,-0.000000
-0.036000,0.000000,0.009000,-0.032538,-0.015329,-0.000000,-0.000000
-0.039000,0.005000,0.008000,-0.033128,-0.021130,-0.000000,-0.000000
-0.042000,0.004000,0.013000,-0.036249,-0.021503,0.000000,-0.000000
-0.052000,0.002000,0.010000,-0.046160,-0.023951,-0.000000,-0.000000
-0.048000,0.006000,0.008000,-0.040846,-0.025867,-0.000000,-0.000000
-0.045000,0.006000,0.000000,-0.038162,-0.024589,-0.000000,-0.000000
-0.049000,0.011000,0.009000,-0.039725,-0.030679,-0.000000,-0.000000
-0.040000,0.001000,0.011000,-0.035787,-0.017812,-0.000000,-0.000000
0.079000,-0.027000,-0.011000,0.060152,0.057841,-0.000000,-0.000000
0.051000,-0.253000,0.005000,-0.060685,0.250857,-0.000000,0.000000
0.118000,0.035000,0.032000,0.121716,0.018306,-0.000000,0.000000
0.368000,0.198000,0.441000,0.402739,-0.017681,0.000000,0.000000
0.674000,0.432000,0.627000,0.751131,-0.078527,0.100000,0.000000
0.833000,0.519000,0.620000,0.916546,-0.125384,0.200000,0.000000
0.774000,0.479000,0.318000,0.854257,-0.203685,0.200000,-0.000000
1.091000,0.379000,-0.113000,1.154973,-0.107778,0.300000,-0.000000
1.259000,0.172000,-0.191000,1.284920,-0.005601,0.500000,-0.000000
1.208000,-0.278000,-0.168000,1.208684,0.321542,0.600000,-0.000000
1.393000,-0.373000,-0.160000,1.415064,0.313714,0.700000,0.000000
1.364000,-0.554000,-0.081000,1.426116,0.352041,0.800000,0.000000
1.349000,-0.704000,-0.101000,1.481456,0.346066,1.000000,0.100000
1.252000,-0.861000,-0.160000,1.464650,0.432779,1.100000,0.100000
1.237000,-0.992000,-0.145000,1.515588,0.483338,1.300000,0.200000
1.177000,-0.963000,-0.084000,1.445474,0.466912,1.400000,0.200000
1.071000,-0.864000,-0.134000,1.321337,0.404774,1.500000,0.300000
1.098000,-0.776000,-0.060000,1.300862,0.325958,1.600000,0.300000
1.118000,-0.712000,-0.062000,1.296567,0.259169,1.700000,0.300000
1.140000,-0.632000,-0.022000,1.281001,0.189715,1.800000,0.300000
1.165000,-0.639000,-0.052000,1.309820,0.192386,2.000000,0.400000
1.178000,-0.601000,-0.110000,1.316485,0.152919,2.100000,0.400000
1.164000,-0.588000,-0.051000,1.291158,0.149228,2.200000,0.400000
1.161000,-0.573000,-0.031000,1.280291,0.140391,2.300000,0.400000
1.184000,-0.576000,-0.021000,1.300490,0.144298,2.400000,0.400000
1.178000,-0.525000,-0.019000,1.277814,0.098204,2.500000,0.400000
1.189000,-0.562000,-0.040000,1.302948,0.129679,2.600000,0.400000
1.196000,-0.582000,-0.026000,1.313295,0.155113,2.700000,0.400000
1.224000,-0.581000,-0.030000,1.339601,0.145027,2.800000,0.400000
1.158000,-0.556000,-0.060000,1.273470,0.143744,2.900000,0.400000
1.125000,-0.569000,-0.062000,1.247033,0.166938,3.000000,0.500000
1.120000,-0.565000,-0.046000,1.238419,0.168851,3.100000,0.500000
1.104000,-0.589000,-0.031000,1.229430,0.196408,3.200000,0.500000
1.125000,-0.613000,0.007000,1.251641,0.211575,3.300000,0.500000
1.169000,-0.625000,-0.036000,1.299453,0.223213,3.400000,0.500000
1.139000,-0.630000,-0.094000,1.276741,0.256750,3.500000,0.500000
1.122000,-0.661000,-0.063000,1.263079,0.303806,3.600000,0.600000
1.106000,-0.711000,-0.071000,1.260738,0.365639,3.700000,0.600000
1.088000,-0.787000,-0.050000,1.260945,0.446631,3.800000,0.600000
1.022000,-0.889000,0.039000,1.215781,0.556824,3.800000,0.700000
1.014000,-0.943000,-0.016000,1.226415,0.618548,3.900000,0.700000
1.011000,-0.973000,-0.082000,1.234624,0.661522,4.000000,0.800000
1.011000,-0.996000,-0.057000,1.228267,0.698914,4.100000,0.800000
0.956000,-1.017000,-0.054000,1.172664,0.745459,4.200000,0.900000
0.990000,-1.027000,-0.033000,1.186777,0.774665,4.200000,1.000000
0.928000,-1.092000,-0.004000,1.126480,0.866347,4.300000,1.000000
0.915000,-1.006000,0.007000,1.061456,0.831894,4.400000,1.100000
1.078000,-0.745000,-0.000000,1.124185,0.653211,4.500000,1.200000
1.242000,-0.442000,0.037000,1.236283,0.404270,4.500000,1.200000
1.370000,-0.042000,0.031000,1.342512,0.124044,4.600000,1.200000
1.537000,0.371000,-0.054000,1.551898,-0.149700,4.700000,1.200000
1.665000,0.887000,-0.171000,1.811098,-0.472893,4.800000,1.200000
1.710000,1.207000,-0.310000,1.988500,-0.683797,5.000000,1.100000
1.764000,1.470000,-0.452000,2.210351,-0.746675,5.100000,1.000000
1.847000,1.586000,-0.447000,2.386281,-0.604384,5.400000,0.900000
1.963000,1.727000,-0.459000,2.575618,-0.576714,5.500000,0.900000
2.043000,1.796000,-0.427000,2.691153,-0.481654,5.700000,0.800000
2.188000,1.756000,-0.469000,2.811403,-0.291723,5.900000,0.800000
2.229000,1.778000,-0.481000,2.866852,-0.205271,6.200000,0.700000
2.303000,1.644000,-0.466000,2.846732,-0.033572,6.400000,0.700000
2.351000,1.579000,-0.480000,2.848554,0.093163,6.600000,0.700000
2.433000,1.561000,-0.480000,2.894580,0.201078,6.800000,0.700000
2.495000,1.559000,-0.479000,2.935876,0.267559,7.000000,0.700000
2.550000,1.577000,-0.488000,2.985106,0.305142,7.300000,0.700000
2.574000,1.543000,-0.493000,2.981175,0.381376,7.500000,0.800000
2.691000,1.455000,-0.437000,2.994600,0.543133,7.800000,0.800000
2.705000,1.314000,-0.391000,2.907964,0.650167,7.900000,0.900000
2.726000,1.248000,-0.449000,2.902087,0.711317,8.100000,0.900000
2.705000,1.184000,-0.530000,2.878272,0.741619,8.400000,1.000000
2.749000,1.113000,-0.489000,2.862741,0.803547,8.600000,1.100000
2.801000,1.041000,-0.461000,2.853737,0.880873,8.700000,1.100000
2.759000,1.044000,-0.457000,2.821115,0.863954,9.000000,1.200000
2.753000,0.975000,-0.397000,2.764739,0.892244,9.100000,1.300000
2.822000,0.885000,-0.442000,2.773684,1.020269,9.300000,1.400000
2.829000,0.904000,-0.502000,2.807453,1.017411,9.500000,1.500000
2.764000,0.898000,-0.495000,2.757994,0.974328,9.700000,1.500000
2.716000,0.900000,-0.444000,2.710106,0.940104,9.900000,1.600000
2.671000,0.904000,-0.410000,2.673551,0.899180,10.100000,1.700000
2.588000,0.862000,-0.427000,2.589607,0.885490,10.200000,1.800000
2.556000,0.861000,-0.440000,2.566547,0.878620,10.400000,1.800000
2.558000,0.885000,-0.483000,2.593604,0.865524,10.500000,1.900000
2.575000,0.866000,-0.443000,2.585103,0.887356,10.700000,2.000000
2.579000,0.831000,-0.362000,2.549819,0.901558,10.800000,2.000000
2.598000,0.799000,-0.341000,2.540344,0.936932,11.000000,2.100000
2.513000,0.841000,-0.359000,2.505335,0.855125,11.100000,2.200000
2.521000,0.849000,-0.387000,2.523388,0.856079,11.200000,2.200000
2.515000,0.874000,-0.357000,2.523634,0.839630,11.400000,2.300000
2.529000,0.832000,-0.380000,2.518015,0.874817,11.500000,2.400000
2.526000,0.822000,-0.421000,2.523643,0.877077,11.700000,2.400000
2.571000,0.803000,-0.407000,2.543244,0.916949,11.800000,2.500000
2.574000,0.765000,-0.370000,2.514133,0.945537,11.900000,2.600000
2.581000,0.776000,-0.330000,2.512582,0.946115,12.100000,2.600000
2.562000,0.793000,-0.324000,2.506724,0.920693,12.200000,2.700000
2.551000,0.803000,-0.337000,2.503323,0.915211,12.300000,2.800000
2.539000,0.792000,-0.399000,2.503467,0.922532,12.500000,2.800000
2.544000,0.848000,-0.370000,2.530822,0.886818,12.600000,2.900000
2.568000,0.855000,-0.316000,2.542485,0.881316,12.700000,3.000000
2.564000,0.853000,-0.376000,2.552589,0.885680,12.800000,3.000000
2.546000,0.864000,-0.391000,2.549380,0.867547,13.000000,3.100000
2.581000,0.762000,-0.365000,2.507682,0.966918,13.100000,3.100000
2.606000,0.805000,-0.418000,2.566095,0.952498,13.200000,3.200000
2.614000,0.834000,-0.450000,2.601144,0.927301,13.400000,3.300000
2.617000,0.851000,-0.442000,2.611910,0.915127,13.500000,3.300000
2.611000,0.824000,-0.422000,2.589869,0.921963,13.600000,3.400000
2.576000,0.820000,-0.435000,2.567743,0.896952,13.700000,3.400000
2.536000,0.816000,-0.417000,2.533596,0.866562,13.900000,3.500000
2.481000,0.863000,-0.345000,2.501407,0.790665,14.000000,3.500000
2.449000,0.872000,-0.382000,2.494199,0.759492,14.100000,3.600000
2.417000,0.919000,-0.454000,2.515667,0.708831,14.200000,3.600000
2.378000,0.946000,-0.374000,2.482388,0.658916,14.300000,3.700000
2.381000,0.955000,-0.352000,2.484420,0.651133,14.400000,3.700000
2.377000,0.978000,-0.347000,2.494045,0.630827,14.500000,3.700000
2.376000,0.967000,-0.356000,2.495638,0.613684,14.600000,3.700000
2.400000,1.008000,-0.408000,2.559374,0.562589,14.700000,3.700000
2.380000,1.098000,-0.353000,2.594148,0.401146,14.800000,3.800000
2.424000,1.190000,-0.309000,2.680770,0.234374,14.900000,3.800000
2.378000,1.119000,-0.307000,2.622426,0.029457,15.000000,3.700000
2.268000,0.975000,-0.301000,2.466883,-0.091522,15.100000,3.700000
2.206000,0.845000,-0.251000,2.349851,-0.203569,15.200000,3.600000
2.131000,0.767000,-0.327000,2.258981,-0.327530,15.300000,3.600000
2.122000,0.753000,-0.375000,2.234698,-0.455756,15.400000,3.500000
2.032000,0.466000,-0.262000,2.058756,-0.392375,15.400000,3.400000
1.959000,0.316000,-0.201000,1.952008,-0.365753,15.500000,3.400000
1.898000,0.258000,-0.141000,1.856655,-0.439671,15.500000,3.300000
1.849000,0.145000,-0.216000,1.811383,-0.434310,15.500000,3.200000
1.791000,0.105000,-0.233000,1.737869,-0.490601,15.600000,3.100000
1.823000,0.112000,-0.158000,1.746953,-0.524402,15.600000,3.000000
1.801000,0.108000,-0.092000,1.704611,-0.540968,15.600000,3.000000
1.778000,0.138000,-0.173000,1.663246,-0.641708,15.600000,2.900000
1.782000,0.154000,-0.154000,1.645130,-0.690591,15.600000,2.800000
1.783000,0.224000,-0.123000,1.610435,-0.771324,15.600000,2.700000
1.803000,0.278000,-0.132000,1.610200,-0.835283,15.600000,2.600000
1.816000,0.345000,-0.172000,1.607142,-0.906634,15.700000,2.500000
1.867000,0.457000,-0.217000,1.626450,-1.032549,15.600000,2.300000
1.917000,0.394000,-0.232000,1.689760,-1.001344,15.700000,2.200000
1.901000,0.298000,-0.199000,1.694284,-0.914111,15.700000,2.100000
1.937000,0.281000,-0.140000,1.720413,-0.909246,15.700000,2.000000
1.908000,0.271000,-0.195000,1.703177,-0.901534,15.700000,1.900000
1.908000,0.253000,-0.210000,1.715519,-0.879965,15.700000,1.800000
1.949000,0.223000,-0.189000,1.766628,-0.850310,15.700000,1.700000
1.959000,0.214000,-0.223000,1.796163,-0.823080,15.800000,1.600000
1.988000,0.295000,-0.320000,1.827147,-0.892121,15.800000,1.500000
1.969000,0.371000,-0.220000,1.772417,-0.944445,15.800000,1.300000
1.931000,0.349000,-0.163000,1.733212,-0.907864,15.800000,1.200000
1.897000,0.360000,-0.150000,1.692788,-0.913007,15.800000,1.100000
1.881000,0.320000,-0.205000,1.696791,-0.880558,15.800000,1.000000
1.885000,0.310000,-0.201000,1.702924,-0.871886,15.800000,0.900000
1.858000,0.192000,-0.156000,1.704051,-0.752984,15.900000,0.800000
1.872000,0.181000,-0.190000,1.734516,-0.730860,15.900000,0.800000
1.876000,0.226000,-0.265000,1.740657,-0.774724,15.900000,0.700000
1.890000,0.133000,-0.184000,1.769807,-0.677591,15.900000,0.600000
1.882000,-0.013000,-0.115000,1.795391,-0.523970,15.900000,0.500000
1.837000,-0.179000,-0.052000,1.791199,-0.341461,16.000000,0.500000
1.810000,-0.278000,-0.013000,1.787148,-0.236444,15.900000,0.500000
1.749000,-0.323000,-0.053000,1.756762,0.043728,16.000000,0.400000
1.779000,-0.292000,-0.073000,1.783022,0.096107,16.000000,0.400000
1.793000,-0.340000,-0.154000,1.802523,0.247597,16.000000,0.500000
1.700000,-0.496000,-0.295000,1.719802,0.506510,16.000000,0.500000
1.803000,-0.779000,-0.170000,1.738527,0.885151,16.000000,0.600000
1.822000,-0.931000,-0.157000,1.669912,1.143346,16.000000,0.600000
1.786000,-0.950000,-0.201000,1.527190,1.297016,16.100000,0.800000
1.972000,-0.990000,-0.211000,1.600263,1.475168,16.100000,0.900000
2.256000,-1.054000,-0.255000,1.756655,1.715555,16.000000,1.000000
2.381000,-1.119000,-0.263000,1.770335,1.890253,16.100000,1.200000
2.547000,-1.119000,-0.270000,1.862677,2.008311,16.100000,1.400000
2.395000,-1.204000,-0.317000,1.681887,2.058173,16.100000,1.600000
2.468000,-1.297000,-0.352000,1.621502,2.245667,16.100000,1.800000
2.391000,-1.256000,-0.408000,1.521737,2.233649,16.100000,2.000000
2.517000,-1.416000,-0.251000,1.451389,2.437468,16.100000,2.200000
2.591000,-1.374000,-0.396000,1.497040,2.499073,16.100000,2.400000
2.639000,-1.254000,-0.547000,1.557134,2.504555,16.100000,2.600000
2.397000,-0.962000,-0.444000,1.404407,2.201296,16.100000,2.900000
2.163000,-0.893000,-0.250000,1.180715,2.021486,16.000000,3.000000
1.851000,-0.707000,-0.248000,0.956074,1.750267,16.000000,3.200000
1.643000,-0.372000,-0.256000,0.976807,1.395582,15.900000,3.300000
1.173000,-0.080000,-0.111000,0.818203,0.850154,15.800000,3.400000
0.879000,-0.244000,0.215000,0.512344,0.755950,15.700000,3.400000
0.454000,-0.062000,0.154000,0.306486,0.341194,15.600000,3.500000
0.341000,-0.153000,0.106000,0.161044,0.337481,15.500000,3.500000
0.124000,-0.014000,0.079000,0.085973,0.090802,15.400000,3.500000
0.093000,0.079000,0.063000,0.122262,-0.000255,15.200000,3.400000
0.056000,-0.037000,0.054000,0.019157,0.064384,15.100000,3.400000
0.027000,-0.009000,0.042000,0.014973,0.024340,14.900000,3.400000
0.009000,0.046000,0.022000,0.036546,-0.029433,14.800000,3.300000
-0.032000,0.010000,0.014000,-0.018032,-0.028217,14.600000,3.300000
-0.043000,-0.010000,0.013000,-0.039318,-0.019967,14.500000,3.300000
-0.030000,0.012000,0.009000,-0.015333,-0.028415,14.300000,3.200000
-0.041000,0.008000,0.003000,-0.026367,-0.032388,14.200000,3.200000
-0.036000,0.010000,0.002000,-0.021249,-0.030725,14.000000,3.200000
-0.030000,0.019000,0.013000,-0.010837,-0.033789,13.900000,-0.000000
-0.028000,0.008000,0.012000,-0.016429,-0.024001,13.800000,-0.000000
-0.036000,0.002000,-0.002000,-0.026471,-0.024490,0.000000,-0.000000
-0.029000,0.002000,-0.007000,-0.021097,-0.020032,-0.000000,-0.000000
-0.031000,0.014000,-0.012000,-0.015114,-0.030505,-0.000000,-0.000000
-0.034000,0.015000,-0.013000,-0.016801,-0.033183,-0.000000,-0.000000
-0.041000,0.023000,-0.005000,-0.017102,-0.043801,-0.000000,-0.000000
-0.038000,0.021000,0.009000,-0.016141,-0.040283,-0.000000,-0.000000
-0.034000,0.017000,0.005000,-0.015585,-0.034659,-0.000000,-0.000000
-0.040000,0.023000,0.011000,-0.016419,-0.043095,-0.000000,-0.000000
-0.035000,0.025000,-0.008000,-0.011353,-0.041501,-0.000000,-0.000000
-0.037000,0.020000,-0.007000,-0.016195,-0.038834,-0.000000,-0.000000
-0.036000,0.021000,-0.001000,-0.014765,-0.038976,-0.000000,-0.000000
-0.035000,0.017000,-0.004000,-0.016517,-0.035241,0.000000,-0.000000
-0.040000,0.023000,-0.002000,-0.016769,-0.042990,-0.000000,-0.000000
-0.037000,0.021000,-0.008000,-0.015707,-0.039557,-0.000000,-0.000000
-0.037000,0.018000,0.003000,-0.017545,-0.037210,-0.000000,-0.000000
-0.039000,0.017000,0.003000,-0.019862,-0.037615,-0.000000,-0.000000
-0.041000,0.014000,0.002000,-0.023300,-0.036519,-0.000000,-0.000000
-0.041000,0.015000,0.002000,-0.022676,-0.037300,-0.000000,-0.000000
-0.040000,0.014000,-0.002000,-0.022659,-0.035819,-0.000000,-0.000000
-0.035000,0.014000,-0.000000,-0.018733,-0.032712,-0.000000,-0.000000
-0.035000,0.015000,-0.016000,-0.018173,-0.033508,-0.000000,-0.000000
-0.031000,0.022000,-0.010000,-0.010795,-0.036467,-0.000000,-0.000000
-0.036000,0.015000,-0.013000,-0.019064,-0.034061,0.000000,-0.000000
-0.032000,0.016000,-0.001000,-0.015370,-0.032310,-0.000000,-0.000000
-0.033000,0.015000,-0.002000,-0.016777,-0.032138,-0.000000,-0.000000
-0.031000,0.021000,-0.008000,-0.011530,-0.035640,-0.000000,-0.000000
-0.031000,0.011000,-0.011000,-0.017795,-0.027700,-0.000000,-0.000000
-0.031000,0.015000,-0.004000,-0.015316,-0.030855,-0.000000,-0.000000
-0.041000,0.017000,-0.009000,-0.022011,-0.038569,-0.000000,-0.000000
-0.035000,0.023000,-0.001000,-0.013701,-0.039578,-0.000000,-0.000000
-0.034000,0.019000,0.005000,-0.015326,-0.035795,-0.000000,-0.000000
-0.034000,0.016000,0.005000,-0.017156,-0.033418,-0.000000,-0.000000
-0.035000,0.018000,0.007000,-0.016845,-0.035552,-0.000000,-0.000000
-0.035000,0.013000,0.006000,-0.019886,-0.031581,0.000000,-0.000000
-0.034000,0.013000,0.003000,-0.019103,-0.030976,-0.000000,-0.000000
-0.034000,0.013000,-0.005000,-0.019241,-0.030915,-0.000000,-0.000000
-0.033000,0.013000,-0.001000,-0.018429,-0.030307,-0.000000,-0.000000
-0.032000,0.007000,-0.002000,-0.021264,-0.024924,-0.000000,-0.000000
-0.030000,0.016000,0.007000,-0.014195,-0.030877,-0.000000,-0.000000
-0.034000,0.017000,0.020000,-0.016846,-0.034024,-0.000000,-0.000000
-0.034000,0.016000,0.023000,-0.017436,-0.033224,-0.000000,-0.000000
-0.036000,0.016000,0.017000,-0.019057,-0.034431,-0.000000,-0.000000
-0.040000,0.018000,0.015000,-0.021189,-0.038364,-0.000000,-0.000000
-0.036000,0.023000,0.016000,-0.014987,-0.039971,-0.000000,-0.000000
-0.037000,0.018000,-0.002000,-0.018852,-0.036578,0.000000,-0.000000
-0.034000,0.015000,0.001000,-0.018348,-0.032313,-0.000000,-0.000000
-0.036000,0.014000,-0.006000,-0.020577,-0.032708,-0.000000,-0.000000
-0.039000,0.018000,-0.001000,-0.020713,-0.037632,-0.000000,-0.000000
-0.038000,0.017000,0.006000,-0.020475,-0.036229,-0.000000,-0.000000
-0.038000,0.015000,0.003000,-0.021673,-0.034621,-0.000000,-0.000000
-0.040000,0.014000,-0.003000,-0.023899,-0.035007,-0.000000,-0.000000
-0.040000,0.011000,0.003000,-0.025770,-0.032499,-0.000000,-0.000000
-0.037000,0.006000,0.007000,-0.026287,-0.026689,-0.000000,-0.000000
-0.032000,0.009000,0.014000,-0.020453,-0.026153,-0.000000,-0.000000
-0.031000,0.014000,0.007000,-0.016824,-0.029543,-0.000000,-0.000000
-0.033000,0.016000,0.005000,-0.017274,-0.032338,0.000000,-0.000000
-0.040000,0.022000,0.017000,-0.019364,-0.041299,-0.000000,-0.000000
-0.038000,0.017000,0.020000,-0.020799,-0.036004,-0.000000,-0.000000
-0.034000,0.015000,0.023000,-0.018713,-0.032040,-0.000000,-0.000000
-0.038000,0.025000,0.010000,-0.016158,-0.042499,-0.000000,-0.000000
-0.036000,0.019000,0.013000,-0.018161,-0.036397,-0.000000,-0.000000
-0.034000,0.013000,0.010000,-0.020039,-0.030356,-0.000000,-0.000000
-0.032000,0.008000,0.015000,-0.021304,-0.025123,-0.000000,-0.000000
-0.026000,0.022000,0.026000,-0.008349,-0.032978,-0.000000,-0.000000
-0.026000,0.021000,0.019000,-0.008955,-0.032168,-0.000000,-0.000000
-0.037000,0.018000,0.017000,-0.019667,-0.036095,-0.000000,-0.000000
-0.032000,0.029000,0.008000,-0.009401,-0.042138,0.000000,-0.000000
-0.032000,0.029000,0.006000,-0.009409,-0.042139,-0.000000,-0.000000
-0.033000,0.027000,-0.003000,-0.011414,-0.041087,-0.000000,-0.000000
-0.035000,0.028000,-0.001000,-0.012614,-0.043012,-0.000000,-0.000000
-0.030000,0.022000,0.013000,-0.011906,-0.035221,-0.000000,-0.000000
-0.037000,0.021000,0.021000,-0.018182,-0.038412,-0.000000,-0.000000
-0.030000,0.024000,0.014000,-0.010755,-0.036859,-0.000000,-0.000000
-0.027000,0.035000,0.017000,-0.002130,-0.044140,-0.000000,-0.000000
-0.035000,0.015000,0.002000,-0.020172,-0.032291,-0.000000,-0.000000
-0.042000,0.004000,-0.013000,-0.032350,-0.027149,-0.000000,-0.000000
-0.041000,0.008000,-0.001000,-0.029210,-0.029867,-0.000000,-0.000000
-0.035000,0.014000,0.004000,-0.020844,-0.031396,0.000000,-0.000000
-0.035000,0.012000,0.002000,-0.022092,-0.029674,-0.000000,-0.000000
-0.037000,0.026000,0.004000,-0.015972,-0.042299,-0.000000,-0.000000
-0.030000,0.021000,0.003000,-0.012997,-0.034230,-0.000000,-0.000000
-0.028000,0.014000,0.010000,-0.015250,-0.027312,-0.000000,-0.000000
-0.025000,0.019000,0.005000,-0.009978,-0.029764,-0.000000,-0.000000
-0.027000,0.023000,-0.016000,-0.009584,-0.034174,-0.000000,-0.000000
-0.034000,0.030000,-0.017000,-0.011477,-0.043892,-0.000000,-0.000000
-0.042000,0.013000,-0.012000,-0.027596,-0.034270,-0.000000,-0.000000
-0.032000,0.006000,-0.010000,-0.023292,-0.022792,-0.000000,-0.000000
-0.027000,0.027000,-0.004000,-0.007432,-0.037458,-0.000000,-0.000000
