0.100000,0.523599, 0.012217, 0.153414
0.200000,0.523599, 0.013963, 0.152891
0.302000,0.523599, 0.013963, 0.152891
0.409000,0.523599, 0.026180, 0.149226
0.499000,0.523599, 0.052360, 0.141372
0.598000,0.523599, 0.085521, 0.131423
0.789000,0.523599, 0.162316, 0.108385
0.844000,0.523599, 0.202458, 0.096342
0.919000,0.523599, 0.232129, 0.087441
1.000000,0.523599, 0.261799, 0.078540
1.092000,0.523599, 0.317650, 0.061785
1.203000,0.523599, 0.357792, 0.049742
1.300000,0.523599, 0.385718, 0.041364
1.406000,0.523599, 0.422370, 0.030369
1.503000,0.523599, 0.445059, 0.023562
1.602000,0.523599, 0.462512, 0.018326
1.772000,0.523599, 0.485202, 0.011519
1.836000,0.523599, 0.490438, 0.009948
1.903000,0.523599, 0.495674, 0.008378
2.002000,0.523599, 0.499164, 0.007330
2.092000,0.523599, 0.504400, 0.005760
2.208000,0.523599, 0.507891, 0.004712
2.302000,0.523599, 0.509636, 0.004189
2.400000,0.523599, 0.511381, 0.003665
2.498000,0.523599, 0.513127, 0.003142
2.599000,0.523599, 0.514872, 0.002618
2.699000,0.523599, 0.514872, 0.002618
2.799000,0.523599, 0.513127, 0.003142
2.900000,0.523599, 0.513127, 0.003142
3.000000,0.523599, 0.513127, 0.003142
3.092000,0.523599, 0.514872, 0.002618
3.209000,0.523599, 0.514872, 0.002618
3.300000,0.523599, 0.513127, 0.003142
3.398000,0.523599, 0.513127, 0.003142
3.499000,0.523599, 0.513127, 0.003142
3.592000,0.523599, 0.513127, 0.003142
3.708000,0.523599, 0.514872, 0.002618
3.801000,0.523599, 0.516617, 0.002094
3.900000,0.523599, 0.516617, 0.002094
4.000000,0.523599, 0.516617, 0.002094
4.099000,0.523599, 0.518363, 0.001571
4.275000,0.523599, 0.514872, 0.002618
4.343000,0.523599, 0.514872, 0.002618
4.407000,0.523599, 0.513127, 0.003142
4.499000,0.523599, 0.511381, 0.003665
4.599000,0.523599, 0.511381, 0.003665
4.699000,0.523599, 0.509636, 0.004189
4.798000,0.523599, 0.509636, 0.004189
5.008000,0.523599, 0.511381, 0.003665
5.103000,0.523599, 0.513127, 0.003142
5.203000,0.523599, 0.514872, 0.002618
5.300000,0.523599, 0.514872, 0.002618
5.398000,0.523599, 0.516617, 0.002094
5.492000,0.523599, 0.520108, 0.001047
5.602000,0.523599, 0.520108, 0.001047
5.705000,0.523599, 0.521853, 0.000524
5.804000,0.523599, 0.521853, 0.000524
5.899000,0.523599, 0.520108, 0.001047
5.999000,0.523599, 0.518363, 0.001571
6.099000,0.523599, 0.518363, 0.001571
6.200000,0.523599, 0.518363, 0.001571
6.299000,0.523599, 0.518363, 0.001571
6.399000,0.523599, 0.520108, 0.001047
6.498000,0.523599, 0.520108, 0.001047
6.599000,0.523599, 0.518363, 0.001571
6.699000,0.523599, 0.516617, 0.002094
6.799000,0.523599, 0.514872, 0.002618
6.899000,0.523599, 0.513127, 0.003142
6.999000,0.523599, 0.513127, 0.003142
7.101000,0.523599, 0.513127, 0.003142
7.202000,0.523599, 0.513127, 0.003142
7.302000,0.523599, 0.513127, 0.003142
7.399000,0.523599, 0.513127, 0.003142
7.499000,0.523599, 0.513127, 0.003142
7.599000,0.523599, 0.514872, 0.002618
7.692000,0.523599, 0.514872, 0.002618
7.801000,0.523599, 0.513127, 0.003142
7.898000,0.523599, 0.513127, 0.003142
7.999000,0.523599, 0.511381, 0.003665
8.117000,0.523599, 0.511381, 0.003665
8.215000,0.523599, 0.511381, 0.003665
8.303000,0.523599, 0.511381, 0.003665
8.398000,0.523599, 0.511381, 0.003665
8.499000,0.523599, 0.513127, 0.003142
8.599000,0.523599, 0.514872, 0.002618
8.692000,0.523599, 0.516617, 0.002094
8.806000,0.523599, 0.516617, 0.002094
8.967000,0.523599, 0.516617, 0.002094
9.016000,0.523599, 0.516617, 0.002094
9.099000,0.523599, 0.516617, 0.002094
9.200000,0.523599, 0.516617, 0.002094
9.300000,0.523599, 0.514872, 0.002618
9.401000,0.523599, 0.513127, 0.003142
9.498000,0.523599, 0.511381, 0.003665
9.592000,0.523599, 0.511381, 0.003665
9.710000,0.523599, 0.511381, 0.003665
9.889000,0.523599, 0.511381, 0.003665
9.958000,0.523599, 0.509636, 0.004189
10.029000,0.523599, 0.511381, 0.003665
10.102000,0.523599, 0.511381, 0.003665
10.201000,0.523599, 0.511381, 0.003665
10.300000,0.523599, 0.511381, 0.003665
10.401000,0.523599, 0.511381, 0.003665
10.501000,-0.523599, 0.511381, -0.310494
10.603000,-0.523599, 0.511381, -0.310494
10.701000,-0.523599, 0.507891, -0.309447
10.798000,-0.523599, 0.479966, -0.301069
10.902000,-0.523599, 0.446804, -0.291121
11.001000,-0.523599, 0.389208, -0.273842
11.100000,-0.523599, 0.329867, -0.256040
11.202000,-0.523599, 0.263545, -0.236143
11.305000,-0.523599, 0.193732, -0.215199
11.402000,-0.523599, 0.139626, -0.198968
11.499000,-0.523599, 0.061087, -0.175406
11.601000,-0.523599, -0.003491, -0.156032
11.703000,-0.523599, -0.054105, -0.140848
11.807000,-0.523599, -0.122173, -0.120428
11.899000,-0.523599, -0.174533, -0.104720
11.998000,-0.523599, -0.218166, -0.091630
12.103000,-0.523599, -0.260054, -0.079063
12.204000,-0.523599, -0.291470, -0.069639
12.304000,-0.523599, -0.312414, -0.063355
12.399000,-0.523599, -0.326377, -0.059167
12.500000,-0.523599, -0.336849, -0.056025
12.599000,-0.523599, -0.343830, -0.053931
12.700000,-0.523599, -0.347321, -0.052883
12.799000,-0.523599, -0.350811, -0.051836
12.898000,-0.523599, -0.354302, -0.050789
12.999000,-0.523599, -0.354302, -0.050789
13.101000,-0.523599, -0.354302, -0.050789
13.201000,-0.523599, -0.354302, -0.050789
13.301000,-0.523599, -0.352557, -0.051313
13.402000,-0.523599, -0.352557, -0.051313
13.500000,-0.523599, -0.352557, -0.051313
13.599000,-0.523599, -0.354302, -0.050789
13.692000,-0.523599, -0.354302, -0.050789
13.800000,-0.523599, -0.350811, -0.051836
13.892000,-0.523599, -0.345575, -0.053407
14.007000,-0.523599, -0.340339, -0.054978
14.102000,-0.523599, -0.338594, -0.055501
14.199000,-0.523599, -0.338594, -0.055501
14.292000,-0.523599, -0.338594, -0.055501
14.412000,-0.523599, -0.340339, -0.054978
14.504000,-0.523599, -0.342085, -0.054454
14.604000,-0.523599, -0.345575, -0.053407
14.705000,-0.523599, -0.347321, -0.052883
14.799000,-0.523599, -0.347321, -0.052883
14.899000,-0.523599, -0.345575, -0.053407
15.000000,-0.523599, -0.345575, -0.053407
15.100000,-0.523599, -0.343830, -0.053931
15.199000,-0.523599, -0.340339, -0.054978
15.299000,-0.523599, -0.338594, -0.055501
15.400000,-0.523599, -0.336849, -0.056025
15.503000,-0.523599, -0.336849, -0.056025
15.601000,-0.523599, -0.336849, -0.056025
15.698000,-0.523599, -0.336849, -0.056025
15.792000,-0.523599, -0.338594, -0.055501
15.903000,-0.523599, -0.340339, -0.054978
15.998000,-0.523599, -0.342085, -0.054454
16.099000,-0.523599, -0.343830, -0.053931
16.202000,-0.523599, -0.343830, -0.053931
16.302000,-0.523599, -0.343830, -0.053931
16.400000,-0.523599, -0.342085, -0.054454
16.492000,-0.523599, -0.338594, -0.055501
16.609000,-0.523599, -0.335103, -0.056549
16.698000,-0.523599, -0.333358, -0.057072
16.792000,-0.523599, -0.331613, -0.057596
16.904000,-0.523599, -0.331613, -0.057596
16.992000,-0.523599, -0.333358, -0.057072
17.103000,-0.523599, -0.335103, -0.056549
17.199000,-0.523599, -0.336849, -0.056025
17.299000,-0.523599, -0.338594, -0.055501
17.399000,-0.523599, -0.338594, -0.055501
17.499000,-0.523599, -0.338594, -0.055501
17.599000,-0.523599, -0.335103, -0.056549
17.702000,-0.523599, -0.331613, -0.057596
17.801000,-0.523599, -0.328122, -0.058643
17.904000,-0.523599, -0.328122, -0.058643
17.998000,-0.523599, -0.329867, -0.058119
18.099000,-0.523599, -0.333358, -0.057072
18.199000,-0.523599, -0.336849, -0.056025
18.297000,-0.523599, -0.342085, -0.054454
18.405000,-0.523599, -0.347321, -0.052883
18.499000,-0.523599, -0.350811, -0.051836
18.599000,-0.523599, -0.354302, -0.050789
18.692000,-0.523599, -0.357792, -0.049742
18.803000,-0.523599, -0.361283, -0.048695
18.898000,-0.523599, -0.366519, -0.047124
19.000000,-0.523599, -0.368264, -0.046600
19.099000,-0.523599, -0.368264, -0.046600
19.192000,-0.523599, -0.366519, -0.047124
19.301000,-0.523599, -0.363028, -0.048171
19.418000,-0.523599, -0.359538, -0.049218
19.508000,-0.523599, -0.357792, -0.049742
19.603000,-0.523599, -0.357792, -0.049742
19.698000,-0.523599, -0.359538, -0.049218
19.792000,-0.523599, -0.361283, -0.048695
19.901000,-0.523599, -0.359538, -0.049218
20.000000,-0.523599, -0.354302, -0.050789
20.100000,-0.523599, -0.354302, -0.050789
20.198000,-0.523599, -0.354302, -0.050789
20.292000,-0.523599, -0.354302, -0.050789
20.405000,-0.523599, -0.359538, -0.049218
20.499000,-0.523599, -0.368264, -0.046600
20.599000,-0.523599, -0.375246, -0.044506
20.692000,-0.523599, -0.383972, -0.041888
20.802000,-0.523599, -0.389208, -0.040317
20.900000,-0.523599, -0.390954, -0.039794
21.000000,-0.523599, -0.392699, -0.039270
21.101000,-0.523599, -0.390954, -0.039794
21.196000,-0.523599, -0.387463, -0.040841
21.311000,-0.523599, -0.387463, -0.040841
21.400000,-0.523599, -0.387463, -0.040841
21.499000,-0.523599, -0.385718, -0.041364
21.599000,-0.523599, -0.383972, -0.041888
21.692000,-0.523599, -0.380482, -0.042935
21.805000,-0.523599, -0.376991, -0.043982
21.901000,-0.523599, -0.373500, -0.045029
22.002000,-0.523599, -0.371755, -0.045553
22.101000,-0.523599, -0.370010, -0.046077
22.200000,-0.523599, -0.370010, -0.046077
22.301000,-0.523599, -0.368264, -0.046600
22.398000,-0.523599, -0.368264, -0.046600
22.499000,-0.523599, -0.370010, -0.046077
22.599000,-0.523599, -0.371755, -0.045553
22.699000,-0.523599, -0.373500, -0.045029
22.799000,-0.523599, -0.375246, -0.044506
22.892000,-0.523599, -0.376991, -0.043982
23.004000,-0.523599, -0.378736, -0.043459
23.099000,-0.523599, -0.380482, -0.042935
23.192000,-0.523599, -0.380482, -0.042935
23.301000,-0.523599, -0.380482, -0.042935
23.401000,-0.523599, -0.380482, -0.042935
23.503000,-0.523599, -0.380482, -0.042935
23.601000,-0.523599, -0.380482, -0.042935
23.698000,-0.523599, -0.380482, -0.042935
23.799000,-0.523599, -0.382227, -0.042412
23.892000,-0.523599, -0.385718, -0.041364
24.014000,-0.523599, -0.389208, -0.040317
24.100000,-0.523599, -0.389208, -0.040317
24.199000,-0.523599, -0.387463, -0.040841
24.299000,-0.523599, -0.385718, -0.041364
24.398000,-0.523599, -0.383972, -0.041888
24.508000,-0.523599, -0.382227, -0.042412
24.602000,-0.523599, -0.378736, -0.043459
24.713000,-0.523599, -0.376991, -0.043982
24.800000,-0.523599, -0.376991, -0.043982
24.900000,-0.523599, -0.375246, -0.044506
24.999000,-0.523599, -0.373500, -0.045029
25.099000,-0.523599, -0.373500, -0.045029
25.199000,-0.523599, -0.373500, -0.045029
25.302000,-0.523599, -0.376991, -0.043982
25.399000,-0.523599, -0.380482, -0.042935
25.492000,-0.523599, -0.382227, -0.042412
25.603000,-0.523599, -0.383972, -0.041888
25.698000,-0.523599, -0.383972, -0.041888
25.803000,-0.523599, -0.383972, -0.041888
25.900000,-0.523599, -0.382227, -0.042412
26.003000,-0.523599, -0.380482, -0.042935
26.101000,-0.523599, -0.382227, -0.042412
26.199000,-0.523599, -0.382227, -0.042412
26.300000,-0.523599, -0.382227, -0.042412
26.392000,-0.523599, -0.383972, -0.041888
26.507000,-0.523599, -0.383972, -0.041888
26.598000,-0.523599, -0.383972, -0.041888
26.699000,-0.523599, -0.382227, -0.042412
26.799000,-0.523599, -0.382227, -0.042412
26.900000,-0.523599, -0.380482, -0.042935
27.000000,-0.523599, -0.383972, -0.041888
27.100000,-0.523599, -0.383972, -0.041888
27.198000,-0.523599, -0.382227, -0.042412
27.300000,-0.523599, -0.380482, -0.042935
27.400000,-0.523599, -0.378736, -0.043459
27.499000,-0.523599, -0.375246, -0.044506
27.592000,-0.523599, -0.376991, -0.043982
27.703000,-0.523599, -0.378736, -0.043459
27.799000,-0.523599, -0.380482, -0.042935
27.899000,-0.523599, -0.382227, -0.042412
27.992000,-0.523599, -0.380482, -0.042935
28.102000,-0.523599, -0.380482, -0.042935
28.201000,-0.523599, -0.378736, -0.043459
28.305000,-0.523599, -0.376991, -0.043982
28.405000,-0.523599, -0.375246, -0.044506
28.499000,-0.523599, -0.371755, -0.045553
28.599000,-0.523599, -0.371755, -0.045553
28.699000,-0.523599, -0.371755, -0.045553
28.798000,-0.523599, -0.373500, -0.045029
28.892000,-0.523599, -0.375246, -0.044506
29.006000,-0.523599, -0.375246, -0.044506
29.102000,-0.523599, -0.376991, -0.043982
29.205000,-0.523599, -0.382227, -0.042412
29.304000,-0.523599, -0.387463, -0.040841
29.401000,-0.523599, -0.390954, -0.039794
29.499000,-0.523599, -0.390954, -0.039794
29.598000,-0.523599, -0.389208, -0.040317
29.699000,-0.523599, -0.387463, -0.040841
29.799000,-0.523599, -0.385718, -0.041364
29.899000,-0.523599, -0.383972, -0.041888
30.002000,-0.523599, -0.382227, -0.042412
30.101000,-0.523599, -0.378736, -0.043459
30.198000,-0.523599, -0.376991, -0.043982
30.292000,-0.523599, -0.376991, -0.043982
30.403000,-0.523599, -0.375246, -0.044506
30.492000,-0.523599, -0.373500, -0.045029
30.609000,-0.523599, -0.370010, -0.046077
30.700000,-0.523599, -0.366519, -0.047124
30.798000,-0.523599, -0.363028, -0.048171
30.900000,-0.523599, -0.357792, -0.049742
31.000000,-0.523599, -0.354302, -0.050789
31.098000,-0.523599, -0.350811, -0.051836
31.198000,-0.523599, -0.350811, -0.051836
31.301000,-0.523599, -0.350811, -0.051836
31.399000,-0.523599, -0.352557, -0.051313
31.499000,-0.523599, -0.352557, -0.051313
31.601000,-0.523599, -0.354302, -0.050789
31.700000,-0.523599, -0.356047, -0.050265
31.799000,-0.523599, -0.356047, -0.050265
31.899000,-0.523599, -0.356047, -0.050265
31.999000,-0.523599, -0.354302, -0.050789
32.092000,-0.523599, -0.356047, -0.050265
32.196000,-0.523599, -0.361283, -0.048695
32.311000,-0.523599, -0.366519, -0.047124
32.401000,-0.523599, -0.366519, -0.047124
32.502000,-0.523599, -0.361283, -0.048695
32.602000,-0.523599, -0.354302, -0.050789
32.701000,-0.523599, -0.347321, -0.052883
32.798000,-0.523599, -0.343830, -0.053931
32.899000,-0.523599, -0.345575, -0.053407
32.999000,-0.523599, -0.349066, -0.052360
33.099000,-0.523599, -0.354302, -0.050789
33.199000,-0.523599, -0.359538, -0.049218
33.299000,-0.523599, -0.364774, -0.047647
33.399000,-0.523599, -0.371755, -0.045553
33.501000,-0.523599, -0.378736, -0.043459
33.598000,-0.523599, -0.382227, -0.042412
33.699000,-0.523599, -0.383972, -0.041888
33.792000,-0.523599, -0.380482, -0.042935
33.907000,-0.523599, -0.375246, -0.044506
34.002000,-0.523599, -0.371755, -0.045553
34.100000,-0.523599, -0.368264, -0.046600
34.199000,-0.523599, -0.366519, -0.047124
34.301000,-0.523599, -0.366519, -0.047124
34.401000,-0.523599, -0.366519, -0.047124
34.500000,-0.523599, -0.370010, -0.046077
34.599000,-0.523599, -0.375246, -0.044506
34.699000,-0.523599, -0.376991, -0.043982
34.799000,-0.523599, -0.380482, -0.042935
34.899000,-0.523599, -0.380482, -0.042935
34.999000,-0.523599, -0.380482, -0.042935
35.139000,-0.523599, -0.378736, -0.043459
35.216000,-0.523599, -0.378736, -0.043459
35.305000,-0.523599, -0.376991, -0.043982
35.403000,-0.523599, -0.376991, -0.043982
35.502000,-0.523599, -0.376991, -0.043982
35.598000,-0.523599, -0.375246, -0.044506
35.698000,-0.523599, -0.373500, -0.045029
35.799000,-0.523599, -0.373500, -0.045029
35.892000,-0.523599, -0.375246, -0.044506
36.005000,-0.523599, -0.378736, -0.043459
36.098000,-0.523599, -0.378736, -0.043459
36.192000,-0.523599, -0.378736, -0.043459
36.305000,-0.523599, -0.375246, -0.044506
36.402000,-0.523599, -0.373500, -0.045029
36.500000,-0.523599, -0.373500, -0.045029
36.605000,-0.523599, -0.373500, -0.045029
36.701000,-0.523599, -0.373500, -0.045029
36.799000,-0.523599, -0.373500, -0.045029
36.892000,-0.523599, -0.375246, -0.044506
37.002000,-0.523599, -0.378736, -0.043459
37.099000,-0.523599, -0.382227, -0.042412
37.201000,-0.523599, -0.385718, -0.041364
37.301000,-0.523599, -0.385718, -0.041364
37.400000,-0.523599, -0.385718, -0.041364
37.501000,-0.523599, -0.385718, -0.041364
37.599000,-0.523599, -0.383972, -0.041888
37.699000,-0.523599, -0.383972, -0.041888
37.799000,-0.523599, -0.382227, -0.042412
37.898000,-0.523599, -0.382227, -0.042412
37.999000,-0.523599, -0.383972, -0.041888
38.100000,-0.523599, -0.385718, -0.041364
38.201000,-0.523599, -0.389208, -0.040317
38.298000,-0.523599, -0.392699, -0.039270
38.399000,-0.523599, -0.394444, -0.038746
38.499000,-0.523599, -0.394444, -0.038746
38.599000,-0.523599, -0.394444, -0.038746
38.699000,-0.523599, -0.390954, -0.039794
38.800000,-0.523599, -0.389208, -0.040317
38.898000,-0.523599, -0.389208, -0.040317
38.999000,-0.523599, -0.387463, -0.040841
39.098000,-0.523599, -0.387463, -0.040841
39.199000,-0.523599, -0.387463, -0.040841
39.299000,-0.523599, -0.389208, -0.040317
39.399000,-0.523599, -0.389208, -0.040317
39.492000,-0.523599, -0.389208, -0.040317
39.608000,-0.523599, -0.389208, -0.040317
39.704000,-0.523599, -0.389208, -0.040317
39.802000,-0.523599, -0.392699, -0.039270
39.902000,-0.523599, -0.394444, -0.038746
39.998000,-0.523599, -0.396190, -0.038223
40.099000,-0.523599, -0.396190, -0.038223
40.199000,-0.523599, -0.397935, -0.037699
40.301000,-0.523599, -0.399680, -0.037176
40.398000,-0.523599, -0.401426, -0.036652
40.499000,-0.523599, -0.403171, -0.036128
40.592000,-0.523599, -0.404916, -0.035605
40.699000,-0.523599, -0.404916, -0.035605
40.802000,-0.523599, -0.403171, -0.036128
40.900000,-0.523599, -0.403171, -0.036128
40.999000,-0.523599, -0.401426, -0.036652
41.099000,-0.523599, -0.401426, -0.036652
41.199000,-0.523599, -0.399680, -0.037176
41.299000,-0.523599, -0.396190, -0.038223
41.398000,-0.523599, -0.394444, -0.038746
41.492000,-0.523599, -0.392699, -0.039270
41.598000,-0.523599, -0.392699, -0.039270
41.699000,-0.523599, -0.390954, -0.039794
41.799000,-0.523599, -0.387463, -0.040841
41.900000,-0.523599, -0.385718, -0.041364
42.111000,-0.523599, -0.385718, -0.041364
42.201000,-0.523599, -0.383972, -0.041888
42.298000,-0.523599, -0.383972, -0.041888
42.392000,-0.523599, -0.383972, -0.041888
42.506000,-0.523599, -0.385718, -0.041364
42.595000,-0.523599, -0.385718, -0.041364
42.706000,-0.523599, -0.385718, -0.041364
42.798000,-0.523599, -0.385718, -0.041364
42.903000,-0.523599, -0.385718, -0.041364
43.002000,-0.523599, -0.387463, -0.040841
43.099000,-0.523599, -0.389208, -0.040317
43.198000,-0.523599, -0.389208, -0.040317
43.301000,-0.523599, -0.390954, -0.039794
43.399000,-0.523599, -0.390954, -0.039794
43.499000,-0.523599, -0.389208, -0.040317
43.600000,-0.523599, -0.389208, -0.040317
43.700000,-0.523599, -0.390954, -0.039794
43.799000,-0.523599, -0.390954, -0.039794
44.076000,-0.523599, -0.389208, -0.040317
44.148000,-0.523599, -0.389208, -0.040317
44.209000,-0.523599, -0.390954, -0.039794
44.302000,-0.523599, -0.392699, -0.039270
44.399000,-0.523599, -0.394444, -0.038746
44.499000,-0.523599, -0.392699, -0.039270
44.600000,-0.523599, -0.390954, -0.039794
44.700000,-0.523599, -0.387463, -0.040841
44.799000,-0.523599, -0.385718, -0.041364
44.899000,-0.523599, -0.382227, -0.042412
44.999000,-0.523599, -0.380482, -0.042935
45.099000,-0.523599, -0.380482, -0.042935
45.192000,-0.523599, -0.380482, -0.042935
45.302000,-0.523599, -0.380482, -0.042935
45.405000,-0.523599, -0.380482, -0.042935
45.502000,-0.523599, -0.380482, -0.042935
45.600000,-0.523599, -0.378736, -0.043459
45.699000,-0.523599, -0.376991, -0.043982
45.792000,-0.523599, -0.376991, -0.043982
45.902000,-0.523599, -0.375246, -0.044506
45.992000,-0.523599, -0.375246, -0.044506
46.101000,-0.523599, -0.375246, -0.044506
46.198000,-0.523599, -0.375246, -0.044506
46.301000,-0.523599, -0.376991, -0.043982
46.404000,-0.523599, -0.378736, -0.043459
46.502000,-0.523599, -0.382227, -0.042412
46.598000,-0.523599, -0.385718, -0.041364
46.699000,-0.523599, -0.389208, -0.040317
46.799000,-0.523599, -0.390954, -0.039794
46.899000,-0.523599, -0.392699, -0.039270
46.999000,-0.523599, -0.390954, -0.039794
47.100000,-0.523599, -0.387463, -0.040841
47.198000,-0.523599, -0.383972, -0.041888
47.292000,-0.523599, -0.376991, -0.043982
47.404000,-0.523599, -0.371755, -0.045553
47.499000,-0.523599, -0.368264, -0.046600
47.598000,-0.523599, -0.364774, -0.047647
47.700000,-0.523599, -0.363028, -0.048171
47.800000,-0.523599, -0.359538, -0.049218
47.903000,-0.523599, -0.356047, -0.050265
47.999000,-0.523599, -0.354302, -0.050789
48.101000,1.047198, -0.354302, 0.420450
48.207000,1.047198, -0.352557, 0.419926
48.301000,1.047198, -0.399680, 0.434063
48.400000,1.047198, -0.633555, 0.504226
48.499000,1.047198, -0.811578, 0.557633
48.601000,1.047198, -0.769690, 0.545066
48.699000,1.047198, -0.579449, 0.487994
48.802000,1.047198, -0.240855, 0.386416
48.904000,1.047198, 0.083776, 0.289027
48.999000,1.047198, 0.312414, 0.220435
49.100000,1.047198, 0.462512, 0.175406
49.199000,1.047198, 0.183260, 0.259181
49.301000,1.047198, -0.575959, 0.486947
49.400000,1.047198, -0.841249, 0.566534
49.500000,1.047198, -0.956440, 0.601091
49.600000,1.047198, -0.900590, 0.584336
49.704000,1.047198, -0.914553, 0.588525
49.799000,1.047198, -0.909317, 0.586954
49.900000,1.047198, -0.904081, 0.585383
49.992000,1.047198, -0.898845, 0.583813
50.102000,1.047198, -0.898845, 0.583813
50.200000,1.047198, -0.897099, 0.583289
50.300000,1.047198, -0.893609, 0.582242
50.401000,1.047198, -0.890118, 0.581195
50.500000,1.047198, -0.888373, 0.580671
50.598000,1.047198, -0.884882, 0.579624
50.692000,1.047198, -0.881391, 0.578577
50.802000,1.047198, -0.877901, 0.577529
50.898000,1.047198, -0.876155, 0.577006
51.000000,1.047198, -0.872665, 0.575959
51.092000,1.047198, -0.870919, 0.575435
51.209000,1.047198, -0.867429, 0.574388
51.302000,1.047198, -0.860447, 0.572293
51.398000,1.047198, -0.855211, 0.570723
51.499000,1.047198, -0.855211, 0.570723
51.592000,1.047198, -0.851721, 0.569675
51.704000,1.047198, -0.849975, 0.569152
51.792000,1.047198, -0.848230, 0.568628
51.905000,1.047198, -0.844739, 0.567581
51.998000,1.047198, -0.841249, 0.566534
52.092000,1.047198, -0.837758, 0.565487
52.207000,1.047198, -0.836013, 0.564963
52.302000,1.047198, -0.834267, 0.564439
52.401000,1.047198, -0.830777, 0.563392
52.499000,1.047198, -0.829031, 0.562869
52.599000,1.047198, -0.825541, 0.561821
52.702000,1.047198, -0.822050, 0.560774
52.801000,1.047198, -0.820305, 0.560251
52.901000,1.047198, -0.816814, 0.559203
52.999000,1.047198, -0.813323, 0.558156
53.099000,1.047198, -0.811578, 0.557633
53.199000,1.047198, -0.808087, 0.556585
53.299000,1.047198, -0.806342, 0.556062
53.399000,1.047198, -0.802851, 0.555015
53.500000,1.047198, -0.801106, 0.554491
53.601000,1.047198, -0.797615, 0.553444
53.701000,1.047198, -0.795870, 0.552920
53.804000,1.047198, -0.792379, 0.551873
53.904000,1.047198, -0.790634, 0.551350
54.005000,1.047198, -0.787143, 0.550302
54.100000,1.047198, -0.785398, 0.549779
54.199000,1.047198, -0.781908, 0.548732
54.299000,1.047198, -0.780162, 0.548208
54.400000,1.047198, -0.776672, 0.547161
54.504000,1.047198, -0.774926, 0.546637
54.604000,1.047198, -0.771436, 0.545590
54.702000,1.047198, -0.769690, 0.545066
54.802000,1.047198, -0.767945, 0.544543
54.901000,1.047198, -0.764454, 0.543496
54.999000,1.047198, -0.762709, 0.542972
55.098000,1.047198, -0.759218, 0.541925
55.199000,1.047198, -0.757473, 0.541401
55.301000,1.047198, -0.755728, 0.540878
55.399000,1.047198, -0.752237, 0.539830
55.492000,1.047198, -0.750492, 0.539307
55.610000,1.047198, -0.747001, 0.538260
55.699000,1.047198, -0.747001, 0.538260
55.792000,1.047198, -0.745256, 0.537736
55.897000,1.047198, -0.741765, 0.536689
56.000000,1.047198, -0.740020, 0.536165
56.104000,1.047198, -0.736529, 0.535118
56.202000,1.047198, -0.734784, 0.534594
56.298000,1.047198, -0.731293, 0.533547
56.399000,1.047198, -0.729548, 0.533024
56.500000,1.047198, -0.727802, 0.532500
56.600000,1.047198, -0.724312, 0.531453
56.699000,1.047198, -0.722566, 0.530929
56.799000,1.047198, -0.720821, 0.530406
56.901000,1.047198, -0.719076, 0.529882
57.003000,1.047198, -0.715585, 0.528835
57.101000,1.047198, -0.713840, 0.528311
57.203000,1.047198, -0.712094, 0.527788
57.299000,1.047198, -0.710349, 0.527264
57.399000,1.047198, -0.706858, 0.526217
57.492000,1.047198, -0.705113, 0.525693
57.602000,1.047198, -0.703368, 0.525170
57.703000,1.047198, -0.701622, 0.524646
57.801000,1.047198, -0.698132, 0.523599
57.899000,1.047198, -0.696386, 0.523075
57.999000,1.047198, -0.694641, 0.522552
58.099000,1.047198, -0.692896, 0.522028
58.201000,1.047198, -0.691150, 0.521504
58.301000,1.047198, -0.687660, 0.520457
58.398000,1.047198, -0.685914, 0.519934
58.499000,1.047198, -0.684169, 0.519410
58.594000,1.047198, -0.682424, 0.518886
58.718000,1.047198, -0.680678, 0.518363
58.804000,1.047198, -0.678933, 0.517839
58.905000,1.047198, -0.678933, 0.517839
59.004000,1.047198, -0.675442, 0.516792
59.104000,1.047198, -0.673697, 0.516268
59.204000,1.047198, -0.671952, 0.515745
59.303000,1.047198, -0.670206, 0.515221
59.403000,1.047198, -0.668461, 0.514698
59.505000,1.047198, -0.666716, 0.514174
59.604000,1.047198, -0.664970, 0.513650
59.704000,1.047198, -0.663225, 0.513127
59.803000,1.047198, -0.661480, 0.512603
59.900000,1.047198, -0.659734, 0.512080
59.999000,1.047198, -0.657989, 0.511556
60.099000,1.047198, -0.656244, 0.511032
60.199000,1.047198, -0.654498, 0.510509
60.299000,1.047198, -0.652753, 0.509985
60.399000,1.047198, -0.651008, 0.509462
60.500000,1.047198, -0.649262, 0.508938
60.599000,1.047198, -0.647517, 0.508414
60.698000,1.047198, -0.645772, 0.507891
60.799000,1.047198, -0.644026, 0.507367
60.899000,1.047198, -0.644026, 0.507367
60.999000,1.047198, -0.642281, 0.506844
61.100000,1.047198, -0.640536, 0.506320
61.199000,1.047198, -0.638791, 0.505796
61.304000,1.047198, -0.637045, 0.505273
61.399000,1.047198, -0.637045, 0.505273
61.499000,1.047198, -0.635300, 0.504749
61.602000,1.047198, -0.633555, 0.504226
61.700000,1.047198, -0.631809, 0.503702
61.798000,1.047198, -0.630064, 0.503178
61.900000,1.047198, -0.628319, 0.502655
61.999000,1.047198, -0.628319, 0.502655
62.099000,1.047198, -0.626573, 0.502131
62.192000,1.047198, -0.624828, 0.501608
62.311000,1.047198, -0.623083, 0.501084
62.400000,1.047198, -0.623083, 0.501084
62.499000,1.047198, -0.621337, 0.500560
62.600000,1.047198, -0.619592, 0.500037
62.704000,1.047198, -0.619592, 0.500037
62.801000,1.047198, -0.617847, 0.499513
62.899000,1.047198, -0.616101, 0.498990
62.992000,1.047198, -0.614356, 0.498466
63.107000,1.047198, -0.614356, 0.498466
63.198000,1.047198, -0.612611, 0.497942
63.299000,1.047198, -0.610865, 0.497419
63.392000,1.047198, -0.610865, 0.497419
63.502000,1.047198, -0.609120, 0.496895
63.599000,1.047198, -0.609120, 0.496895
63.702000,1.047198, -0.607375, 0.496372
63.800000,1.047198, -0.605629, 0.495848
63.898000,1.047198, -0.605629, 0.495848
63.999000,1.047198, -0.603884, 0.495324
64.098000,1.047198, -0.603884, 0.495324
64.201000,1.047198, -0.602139, 0.494801
64.301000,1.047198, -0.600393, 0.494277
64.399000,1.047198, -0.600393, 0.494277
64.500000,1.047198, -0.598648, 0.493754
64.599000,1.047198, -0.598648, 0.493754
64.698000,1.047198, -0.596903, 0.493230
64.799000,1.047198, -0.596903, 0.493230
64.900000,1.047198, -0.595157, 0.492706
64.992000,1.047198, -0.595157, 0.492706
65.108000,1.047198, -0.593412, 0.492183
65.198000,1.047198, -0.593412, 0.492183
65.292000,1.047198, -0.591667, 0.491659
65.415000,1.047198, -0.591667, 0.491659
65.497000,1.047198, -0.589921, 0.491136
65.609000,1.047198, -0.589921, 0.491136
65.698000,1.047198, -0.589921, 0.491136
65.801000,1.047198, -0.588176, 0.490612
65.899000,1.047198, -0.588176, 0.490612
65.999000,1.047198, -0.586431, 0.490088
66.099000,1.047198, -0.586431, 0.490088
66.198000,1.047198, -0.584685, 0.489565
66.299000,1.047198, -0.584685, 0.489565
66.399000,1.047198, -0.584685, 0.489565
66.492000,1.047198, -0.582940, 0.489041
66.600000,1.047198, -0.582940, 0.489041
66.698000,1.047198, -0.582940, 0.489041
66.792000,1.047198, -0.581195, 0.488518
66.899000,1.047198, -0.581195, 0.488518
67.001000,1.047198, -0.581195, 0.488518
67.096000,1.047198, -0.579449, 0.487994
67.215000,1.047198, -0.579449, 0.487994
67.301000,1.047198, -0.579449, 0.487994
67.399000,1.047198, -0.577704, 0.487470
67.499000,1.047198, -0.577704, 0.487470
67.604000,1.047198, -0.577704, 0.487470
67.703000,1.047198, -0.575959, 0.486947
67.800000,1.047198, -0.575959, 0.486947
67.903000,1.047198, -0.575959, 0.486947
67.998000,1.047198, -0.575959, 0.486947
68.100000,1.047198, -0.574213, 0.486423
68.192000,1.047198, -0.574213, 0.486423
68.302000,1.047198, -0.574213, 0.486423
68.395000,1.047198, -0.574213, 0.486423
68.503000,1.047198, -0.572468, 0.485900
68.592000,1.047198, -0.572468, 0.485900
68.704000,1.047198, -0.572468, 0.485900
68.798000,1.047198, -0.572468, 0.485900
68.903000,1.047198, -0.570723, 0.485376
68.998000,1.047198, -0.570723, 0.485376
69.112000,1.047198, -0.570723, 0.485376
69.202000,1.047198, -0.570723, 0.485376
69.299000,1.047198, -0.570723, 0.485376
69.400000,1.047198, -0.568977, 0.484852
69.499000,1.047198, -0.568977, 0.484852
69.599000,1.047198, -0.568977, 0.484852
69.699000,1.047198, -0.568977, 0.484852
69.799000,1.047198, -0.568977, 0.484852
69.901000,1.047198, -0.568977, 0.484852
70.000000,1.047198, -0.568977, 0.484852
70.098000,1.047198, -0.567232, 0.484329
70.192000,1.047198, -0.567232, 0.484329
70.302000,1.047198, -0.567232, 0.484329
70.398000,1.047198, -0.567232, 0.484329
70.492000,1.047198, -0.567232, 0.484329
70.604000,1.047198, -0.567232, 0.484329
70.705000,1.047198, -0.567232, 0.484329
70.799000,1.047198, -0.567232, 0.484329
70.898000,1.047198, -0.567232, 0.484329
71.001000,1.047198, -0.567232, 0.484329
71.099000,1.047198, -0.567232, 0.484329
71.192000,1.047198, -0.565487, 0.483805
71.302000,1.047198, -0.565487, 0.483805
71.392000,1.047198, -0.565487, 0.483805
71.501000,1.047198, -0.565487, 0.483805
71.600000,1.047198, -0.565487, 0.483805
71.692000,1.047198, -0.565487, 0.483805
71.801000,1.047198, -0.565487, 0.483805
71.900000,1.047198, -0.565487, 0.483805
72.002000,1.047198, -0.565487, 0.483805
72.099000,1.047198, -0.565487, 0.483805
72.200000,1.047198, -0.565487, 0.483805
72.299000,1.047198, -0.565487, 0.483805
72.400000,1.047198, -0.565487, 0.483805
72.499000,1.047198, -0.565487, 0.483805
72.592000,1.047198, -0.565487, 0.483805
72.701000,1.047198, -0.565487, 0.483805
72.792000,1.047198, -0.565487, 0.483805
72.902000,1.047198, -0.565487, 0.483805
73.001000,1.047198, -0.565487, 0.483805
73.101000,1.047198, -0.565487, 0.483805
73.198000,1.047198, -0.565487, 0.483805
73.300000,1.047198, -0.565487, 0.483805
73.392000,1.047198, -0.565487, 0.483805
73.500000,1.047198, -0.565487, 0.483805
73.592000,1.047198, -0.567232, 0.484329
73.703000,1.047198, -0.567232, 0.484329
73.799000,1.047198, -0.567232, 0.484329
73.899000,1.047198, -0.567232, 0.484329
74.001000,1.047198, -0.567232, 0.484329
74.101000,1.047198, -0.567232, 0.484329
74.199000,1.047198, -0.567232, 0.484329
74.299000,1.047198, -0.567232, 0.484329
74.399000,1.047198, -0.567232, 0.484329
74.492000,1.047198, -0.567232, 0.484329
74.602000,1.047198, -0.567232, 0.484329
74.698000,1.047198, -0.567232, 0.484329
74.792000,1.047198, -0.567232, 0.484329
74.908000,1.047198, -0.567232, 0.484329
75.000000,1.047198, -0.568977, 0.484852
75.099000,1.047198, -0.568977, 0.484852
75.199000,1.047198, -0.568977, 0.484852
75.292000,1.047198, -0.568977, 0.484852
75.398000,1.047198, -0.568977, 0.484852
75.499000,1.047198, -0.568977, 0.484852
75.600000,1.047198, -0.568977, 0.484852
75.698000,1.047198, -0.568977, 0.484852
75.799000,1.047198, -0.568977, 0.484852
75.892000,1.047198, -0.570723, 0.485376
76.003000,1.047198, -0.570723, 0.485376
76.100000,1.047198, -0.570723, 0.485376
76.198000,1.047198, -0.570723, 0.485376
76.300000,1.047198, -0.570723, 0.485376
76.399000,1.047198, -0.570723, 0.485376
76.499000,1.047198, -0.572468, 0.485900
76.603000,1.047198, -0.572468, 0.485900
76.702000,1.047198, -0.572468, 0.485900
76.800000,1.047198, -0.572468, 0.485900
76.900000,1.047198, -0.572468, 0.485900
77.000000,1.047198, -0.572468, 0.485900
77.101000,1.047198, -0.574213, 0.486423
77.201000,1.047198, -0.574213, 0.486423
77.300000,1.047198, -0.574213, 0.486423
77.400000,1.047198, -0.574213, 0.486423
77.500000,1.047198, -0.574213, 0.486423
77.598000,1.047198, -0.575959, 0.486947
77.698000,1.047198, -0.575959, 0.486947
77.799000,1.047198, -0.575959, 0.486947
77.901000,1.047198, -0.575959, 0.486947
78.000000,1.047198, -0.575959, 0.486947
78.099000,1.047198, -0.577704, 0.487470
78.201000,1.047198, -0.577704, 0.487470
78.300000,1.047198, -0.577704, 0.487470
78.399000,1.047198, -0.577704, 0.487470
78.500000,1.047198, -0.577704, 0.487470
78.599000,1.047198, -0.579449, 0.487994
78.703000,1.047198, -0.579449, 0.487994
78.798000,1.047198, -0.579449, 0.487994
78.960000,1.047198, -0.579449, 0.487994
79.015000,1.047198, -0.579449, 0.487994
79.099000,1.047198, -0.581195, 0.488518
79.199000,1.047198, -0.581195, 0.488518
79.301000,1.047198, -0.581195, 0.488518
79.399000,1.047198, -0.581195, 0.488518
79.492000,1.047198, -0.582940, 0.489041
79.603000,1.047198, -0.582940, 0.489041
79.697000,1.047198, -0.582940, 0.489041
79.806000,1.047198, -0.582940, 0.489041
79.906000,1.047198, -0.584685, 0.489565
80.000000,1.047198, -0.584685, 0.489565
80.098000,1.047198, -0.584685, 0.489565
80.199000,1.047198, -0.584685, 0.489565
80.299000,1.047198, -0.586431, 0.490088
80.392000,1.047198, -0.586431, 0.490088
80.504000,1.047198, -0.586431, 0.490088
80.601000,1.047198, -0.586431, 0.490088
80.700000,1.047198, -0.588176, 0.490612
80.799000,1.047198, -0.588176, 0.490612
80.901000,1.047198, -0.588176, 0.490612
81.010000,1.047198, -0.588176, 0.490612
81.099000,1.047198, -0.589921, 0.491136
81.192000,1.047198, -0.589921, 0.491136
81.302000,1.047198, -0.589921, 0.491136
81.400000,1.047198, -0.589921, 0.491136
81.499000,1.047198, -0.591667, 0.491659
81.599000,1.047198, -0.591667, 0.491659
81.699000,1.047198, -0.591667, 0.491659
81.800000,1.047198, -0.591667, 0.491659
81.902000,1.047198, -0.593412, 0.492183
81.998000,1.047198, -0.593412, 0.492183
82.099000,1.047198, -0.593412, 0.492183
82.192000,1.047198, -0.593412, 0.492183
82.304000,1.047198, -0.595157, 0.492706
82.392000,1.047198, -0.595157, 0.492706
82.500000,1.047198, -0.595157, 0.492706
82.592000,1.047198, -0.596903, 0.493230
82.700000,1.047198, -0.596903, 0.493230
82.799000,1.047198, -0.596903, 0.493230
82.900000,1.047198, -0.596903, 0.493230
83.000000,1.047198, -0.598648, 0.493754
83.099000,1.047198, -0.598648, 0.493754
83.199000,1.047198, -0.598648, 0.493754
83.300000,1.047198, -0.600393, 0.494277
83.399000,1.047198, -0.600393, 0.494277
83.499000,1.047198, -0.600393, 0.494277
83.599000,1.047198, -0.600393, 0.494277
83.699000,1.047198, -0.602139, 0.494801
83.800000,1.047198, -0.602139, 0.494801
83.900000,1.047198, -0.602139, 0.494801
84.000000,1.047198, -0.602139, 0.494801
84.098000,1.047198, -0.603884, 0.495324
84.199000,1.047198, -0.603884, 0.495324
84.299000,1.047198, -0.603884, 0.495324
84.392000,1.047198, -0.607375, 0.496372
84.506000,1.047198, -0.609120, 0.496895
84.598000,1.047198, -0.609120, 0.496895
84.692000,1.047198, -0.609120, 0.496895
84.800000,1.047198, -0.609120, 0.496895
84.900000,1.047198, -0.609120, 0.496895
85.000000,1.047198, -0.609120, 0.496895
85.099000,1.047198, -0.617847, 0.499513
85.198000,1.047198, -0.617847, 0.499513
85.303000,1.047198, -0.619592, 0.500037
85.402000,1.047198, -0.619592, 0.500037
85.500000,1.047198, -0.623083, 0.501084
85.598000,1.047198, -0.623083, 0.501084
85.700000,1.047198, -0.624828, 0.501608
85.799000,1.047198, -0.626573, 0.502131
85.899000,1.047198, -0.624828, 0.501608
85.992000,1.047198, -0.628319, 0.502655
86.103000,1.047198, -0.628319, 0.502655
86.199000,1.047198, -0.628319, 0.502655
86.292000,1.047198, -0.628319, 0.502655
86.405000,1.047198, -0.628319, 0.502655
86.498000,1.047198, -0.628319, 0.502655
86.618000,1.047198, -0.628319, 0.502655
86.703000,1.047198, -0.628319, 0.502655
86.792000,1.047198, -0.628319, 0.502655
86.913000,1.047198, -0.628319, 0.502655
87.004000,1.047198, -0.628319, 0.502655
87.092000,1.047198, -0.628319, 0.502655
87.213000,1.047198, -0.628319, 0.502655
87.299000,1.047198, -0.628319, 0.502655
87.399000,1.047198, -0.628319, 0.502655
87.492000,1.047198, -0.628319, 0.502655
87.615000,1.047198, -0.628319, 0.502655
87.703000,1.047198, -0.628319, 0.502655
87.805000,1.047198, -0.628319, 0.502655
87.898000,1.047198, -0.628319, 0.502655
88.001000,1.047198, -0.628319, 0.502655
88.098000,1.047198, -0.628319, 0.502655
88.192000,1.047198, -0.628319, 0.502655
88.301000,1.047198, -0.628319, 0.502655
88.392000,1.047198, -0.628319, 0.502655
88.492000,1.047198, -0.628319, 0.502655
88.601000,1.047198, -0.628319, 0.502655
88.700000,1.047198, -0.628319, 0.502655
88.799000,1.047198, -0.628319, 0.502655
88.892000,1.047198, -0.628319, 0.502655
89.004000,1.047198, -0.628319, 0.502655
89.101000,1.047198, -0.628319, 0.502655
89.200000,1.047198, -0.628319, 0.502655
89.292000,1.047198, -0.628319, 0.502655
89.409000,1.047198, -0.628319, 0.502655
89.501000,1.047198, -0.628319, 0.502655
89.598000,1.047198, -0.628319, 0.502655
89.699000,1.047198, -0.628319, 0.502655
89.792000,1.047198, -0.628319, 0.502655
89.920000,1.047198, -0.628319, 0.502655
89.999000,1.047198, -0.628319, 0.502655
90.092000,1.047198, -0.628319, 0.502655
90.206000,1.047198, -0.628319, 0.502655
90.299000,1.047198, -0.628319, 0.502655
90.392000,1.047198, -0.628319, 0.502655
90.501000,1.047198, -0.628319, 0.502655
90.598000,1.047198, -0.628319, 0.502655
90.692000,1.047198, -0.628319, 0.502655
90.801000,1.047198, -0.628319, 0.502655
90.892000,1.047198, -0.628319, 0.502655
90.997000,1.047198, -0.628319, 0.502655
91.100000,1.047198, -0.628319, 0.502655
91.200000,1.047198, -0.628319, 0.502655
91.302000,1.047198, -0.628319, 0.502655
91.392000,1.047198, -0.628319, 0.502655
91.508000,1.047198, -0.628319, 0.502655
91.601000,1.047198, -0.628319, 0.502655
91.694000,1.047198, -0.628319, 0.502655
91.815000,1.047198, -0.628319, 0.502655
91.898000,1.047198, -0.628319, 0.502655
91.992000,1.047198, -0.628319, 0.502655
92.105000,1.047198, -0.628319, 0.502655
92.200000,1.047198, -0.628319, 0.502655
92.302000,1.047198, -0.628319, 0.502655
92.402000,1.047198, -0.628319, 0.502655
92.499000,1.047198, -0.628319, 0.502655
92.592000,1.047198, -0.628319, 0.502655
92.704000,1.047198, -0.628319, 0.502655
92.800000,1.047198, -0.628319, 0.502655
92.900000,1.047198, -0.628319, 0.502655
93.000000,1.047198, -0.628319, 0.502655
93.092000,1.047198, -0.628319, 0.502655
93.200000,1.047198, -0.628319, 0.502655
93.298000,1.047198, -0.628319, 0.502655
93.399000,1.047198, -0.628319, 0.502655
93.492000,1.047198, -0.628319, 0.502655
93.610000,1.047198, -0.628319, 0.502655
93.701000,1.047198, -0.628319, 0.502655
93.800000,1.047198, -0.628319, 0.502655
93.900000,1.047198, -0.628319, 0.502655
93.999000,1.047198, -0.628319, 0.502655
94.092000,1.047198, -0.628319, 0.502655
94.207000,1.047198, -0.628319, 0.502655
94.303000,1.047198, -0.628319, 0.502655
94.399000,1.047198, -0.628319, 0.502655
94.499000,1.047198, -0.628319, 0.502655
94.592000,1.047198, -0.628319, 0.502655
94.712000,1.047198, -0.628319, 0.502655
94.800000,1.047198, -0.628319, 0.502655
94.892000,1.047198, -0.628319, 0.502655
95.003000,1.047198, -0.628319, 0.502655
95.102000,1.047198, -0.628319, 0.502655
95.239000,1.047198, -0.628319, 0.502655
95.307000,1.047198, -0.628319, 0.502655
95.398000,1.047198, -0.628319, 0.502655
95.492000,1.047198, -0.628319, 0.502655
95.601000,1.047198, -0.628319, 0.502655
95.699000,1.047198, -0.628319, 0.502655
95.792000,1.047198, -0.628319, 0.502655
95.920000,1.047198, -0.628319, 0.502655
96.005000,1.047198, -0.628319, 0.502655
96.099000,1.047198, -0.628319, 0.502655
96.199000,1.047198, -0.628319, 0.502655
96.299000,1.047198, -0.628319, 0.502655
96.399000,1.047198, -0.628319, 0.502655
96.492000,1.047198, -0.628319, 0.502655
96.600000,1.047198, -0.628319, 0.502655
96.699000,1.047198, -0.628319, 0.502655
96.792000,1.047198, -0.628319, 0.502655
96.911000,1.047198, -0.628319, 0.502655
97.000000,1.047198, -0.628319, 0.502655
97.101000,1.047198, -0.628319, 0.502655
97.198000,1.047198, -0.628319, 0.502655
97.300000,1.047198, -0.628319, 0.502655
97.392000,1.047198, -0.628319, 0.502655
97.502000,1.047198, -0.628319, 0.502655
97.599000,1.047198, -0.628319, 0.502655
97.692000,1.047198, -0.628319, 0.502655
97.810000,1.047198, -0.628319, 0.502655
97.898000,1.047198, -0.628319, 0.502655
97.999000,1.047198, -0.628319, 0.502655
98.101000,1.047198, -0.628319, 0.502655
98.199000,1.047198, -0.628319, 0.502655
98.299000,1.047198, -0.628319, 0.502655
98.400000,1.047198, -0.628319, 0.502655
98.500000,1.047198, -0.628319, 0.502655
98.592000,1.047198, -0.628319, 0.502655
98.705000,1.047198, -0.628319, 0.502655
98.792000,1.047198, -0.628319, 0.502655
98.901000,1.047198, -0.628319, 0.502655
99.000000,1.047198, -0.628319, 0.502655
99.097000,1.047198, -0.628319, 0.502655
99.201000,1.047198, -0.628319, 0.502655
99.292000,1.047198, -0.628319, 0.502655
99.400000,1.047198, -0.628319, 0.502655
99.492000,1.047198, -0.628319, 0.502655
99.604000,1.047198, -0.628319, 0.502655
99.700000,1.047198, -0.628319, 0.502655
99.792000,1.047198, -0.628319, 0.502655
99.905000,1.047198, -0.628319, 0.502655
100.000000,1.047198, -0.628319, 0.502655
100.100000,1.047198, -0.628319, 0.502655
100.199000,1.047198, -0.628319, 0.502655
100.300000,1.047198, -0.628319, 0.502655
100.399000,1.047198, -0.628319, 0.502655
100.499000,1.047198, -0.628319, 0.502655
100.599000,1.047198, -0.628319, 0.502655
100.692000,1.047198, -0.628319, 0.502655
100.804000,1.047198, -0.628319, 0.502655
100.900000,1.047198, -0.628319, 0.502655
100.999000,1.047198, -0.628319, 0.502655
101.099000,1.047198, -0.628319, 0.502655
101.199000,1.047198, -0.628319, 0.502655
101.299000,1.047198, -0.628319, 0.502655
101.392000,1.047198, -0.628319, 0.502655
101.500000,1.047198, -0.628319, 0.502655
101.599000,1.047198, -0.628319, 0.502655
101.692000,1.047198, -0.628319, 0.502655
101.817000,1.047198, -0.628319, 0.502655
101.903000,1.047198, -0.628319, 0.502655
101.999000,1.047198, -0.628319, 0.502655
102.092000,1.047198, -0.628319, 0.502655
102.201000,1.047198, -0.628319, 0.502655
102.292000,1.047198, -0.628319, 0.502655
102.404000,1.047198, -0.628319, 0.502655
102.501000,1.047198, -0.628319, 0.502655
102.600000,1.047198, -0.628319, 0.502655
102.692000,1.047198, -0.628319, 0.502655
102.803000,1.047198, -0.628319, 0.502655
102.899000,1.047198, -0.628319, 0.502655
102.992000,1.047198, -0.628319, 0.502655
103.106000,1.047198, -0.628319, 0.502655
103.199000,1.047198, -0.628319, 0.502655
103.300000,1.047198, -0.628319, 0.502655
103.400000,1.047198, -0.628319, 0.502655
103.502000,1.047198, -0.628319, 0.502655
103.598000,1.047198, -0.628319, 0.502655
103.692000,1.047198, -0.628319, 0.502655
103.799000,1.047198, -0.628319, 0.502655
103.892000,1.047198, -0.628319, 0.502655
104.004000,1.047198, -0.628319, 0.502655
104.101000,1.047198, -0.628319, 0.502655
104.201000,1.047198, -0.628319, 0.502655
104.292000,1.047198, -0.628319, 0.502655
104.400000,1.047198, -0.628319, 0.502655
104.498000,1.047198, -0.628319, 0.502655
104.592000,1.047198, -0.628319, 0.502655
104.692000,1.047198, -0.628319, 0.502655
104.802000,1.047198, -0.628319, 0.502655
104.899000,1.047198, -0.628319, 0.502655
104.998000,1.047198, -0.628319, 0.502655
105.092000,1.047198, -0.628319, 0.502655
105.203000,1.047198, -0.628319, 0.502655
105.315000,1.047198, -0.628319, 0.502655
105.400000,1.047198, -0.628319, 0.502655
105.492000,1.047198, -0.628319, 0.502655
105.610000,1.047198, -0.628319, 0.502655
105.701000,1.047198, -0.628319, 0.502655
105.800000,1.047198, -0.628319, 0.502655
105.892000,1.047198, -0.628319, 0.502655
106.003000,1.047198, -0.628319, 0.502655
106.092000,1.047198, -0.628319, 0.502655
106.207000,1.047198, -0.628319, 0.502655
106.299000,1.047198, -0.628319, 0.502655
106.392000,1.047198, -0.628319, 0.502655
106.500000,1.047198, -0.628319, 0.502655
106.602000,1.047198, -0.628319, 0.502655
106.700000,1.047198, -0.628319, 0.502655
106.792000,1.047198, -0.628319, 0.502655
106.903000,1.047198, -0.628319, 0.502655
106.999000,1.047198, -0.628319, 0.502655
107.100000,1.047198, -0.628319, 0.502655
107.192000,1.047198, -0.628319, 0.502655
107.302000,1.047198, -0.628319, 0.502655
107.401000,1.047198, -0.628319, 0.502655
107.501000,1.047198, -0.628319, 0.502655
107.599000,1.047198, -0.628319, 0.502655
107.692000,1.047198, -0.628319, 0.502655
107.792000,1.047198, -0.628319, 0.502655
107.907000,1.047198, -0.628319, 0.502655
107.999000,1.047198, -0.628319, 0.502655
108.092000,1.047198, -0.628319, 0.502655
108.204000,1.047198, -0.628319, 0.502655
108.299000,1.047198, -0.628319, 0.502655
108.392000,1.047198, -0.628319, 0.502655
108.503000,1.047198, -0.628319, 0.502655
108.601000,1.047198, -0.628319, 0.502655
108.700000,1.047198, -0.628319, 0.502655
108.799000,1.047198, -0.628319, 0.502655
108.901000,1.047198, -0.628319, 0.502655
108.999000,1.047198, -0.628319, 0.502655
109.102000,1.047198, -0.628319, 0.502655
109.199000,1.047198, -0.628319, 0.502655
109.300000,1.047198, -0.628319, 0.502655
109.392000,1.047198, -0.628319, 0.502655
109.492000,1.047198, -0.628319, 0.502655
109.598000,1.047198, -0.628319, 0.502655
109.699000,1.047198, -0.628319, 0.502655
109.802000,1.047198, -0.628319, 0.502655
109.899000,1.047198, -0.628319, 0.502655
109.999000,1.047198, -0.628319, 0.502655
110.099000,1.047198, -0.628319, 0.502655
110.199000,1.047198, -0.628319, 0.502655
110.292000,1.047198, -0.628319, 0.502655
110.409000,1.047198, -0.628319, 0.502655
110.502000,1.047198, -0.628319, 0.502655
110.599000,1.047198, -0.628319, 0.502655
110.701000,1.047198, -0.628319, 0.502655
110.799000,1.047198, -0.628319, 0.502655
110.899000,1.047198, -0.628319, 0.502655
110.999000,1.047198, -0.628319, 0.502655
111.092000,1.047198, -0.628319, 0.502655
111.206000,1.047198, -0.628319, 0.502655
111.301000,1.047198, -0.628319, 0.502655
111.400000,1.047198, -0.628319, 0.502655
111.492000,1.047198, -0.628319, 0.502655
111.614000,1.047198, -0.628319, 0.502655
111.702000,1.047198, -0.628319, 0.502655
111.799000,1.047198, -0.628319, 0.502655
111.899000,1.047198, -0.628319, 0.502655
111.992000,1.047198, -0.628319, 0.502655
112.103000,1.047198, -0.628319, 0.502655
112.200000,1.047198, -0.628319, 0.502655
112.301000,1.047198, -0.628319, 0.502655
112.399000,1.047198, -0.628319, 0.502655
112.499000,1.047198, -0.628319, 0.502655
112.592000,1.047198, -0.628319, 0.502655
112.706000,1.047198, -0.628319, 0.502655
112.805000,1.047198, -0.628319, 0.502655
112.898000,1.047198, -0.628319, 0.502655
112.999000,1.047198, -0.628319, 0.502655
113.101000,1.047198, -0.628319, 0.502655
113.199000,1.047198, -0.628319, 0.502655
113.292000,1.047198, -0.628319, 0.502655
113.409000,1.047198, -0.628319, 0.502655
113.499000,1.047198, -0.628319, 0.502655
113.599000,1.047198, -0.628319, 0.502655
113.699000,1.047198, -0.628319, 0.502655
113.792000,1.047198, -0.628319, 0.502655
113.900000,1.047198, -0.628319, 0.502655
113.998000,1.047198, -0.628319, 0.502655
114.092000,1.047198, -0.628319, 0.502655
114.203000,1.047198, -0.628319, 0.502655
114.307000,1.047198, -0.628319, 0.502655
114.400000,1.047198, -0.628319, 0.502655
114.509000,1.047198, -0.628319, 0.502655
114.600000,1.047198, -0.628319, 0.502655
114.700000,1.047198, -0.628319, 0.502655
114.799000,1.047198, -0.628319, 0.502655
114.892000,1.047198, -0.628319, 0.502655
114.999000,1.047198, -0.628319, 0.502655
115.092000,1.047198, -0.628319, 0.502655
115.192000,1.047198, -0.628319, 0.502655
115.317000,1.047198, -0.628319, 0.502655
115.392000,1.047198, -0.628319, 0.502655
115.500000,1.047198, -0.628319, 0.502655
115.600000,1.047198, -0.628319, 0.502655
115.692000,1.047198, -0.628319, 0.502655
115.801000,1.047198, -0.628319, 0.502655
115.892000,1.047198, -0.628319, 0.502655
115.999000,1.047198, -0.628319, 0.502655
116.092000,1.047198, -0.628319, 0.502655
116.202000,1.047198, -0.628319, 0.502655
116.292000,1.047198, -0.628319, 0.502655
116.408000,1.047198, -0.628319, 0.502655
116.507000,1.047198, -0.628319, 0.502655
116.601000,1.047198, -0.628319, 0.502655
116.699000,1.047198, -0.628319, 0.502655
116.792000,1.047198, -0.628319, 0.502655
116.903000,1.047198, -0.628319, 0.502655
117.004000,1.047198, -0.628319, 0.502655
117.101000,1.047198, -0.628319, 0.502655
117.201000,1.047198, -0.628319, 0.502655
117.299000,1.047198, -0.628319, 0.502655
117.399000,1.047198, -0.628319, 0.502655
117.492000,1.047198, -0.628319, 0.502655
117.601000,1.047198, -0.628319, 0.502655
117.692000,1.047198, -0.628319, 0.502655
117.800000,1.047198, -0.628319, 0.502655
117.892000,1.047198, -0.628319, 0.502655
118.003000,1.047198, -0.628319, 0.502655
118.101000,1.047198, -0.628319, 0.502655
118.199000,1.047198, -0.628319, 0.502655
118.292000,1.047198, -0.628319, 0.502655
118.400000,1.047198, -0.628319, 0.502655
118.505000,1.047198, -0.628319, 0.502655
118.599000,1.047198, -0.628319, 0.502655
118.692000,1.047198, -0.628319, 0.502655
118.802000,1.047198, -0.628319, 0.502655
118.896000,1.047198, -0.628319, 0.502655
119.011000,1.047198, -0.628319, 0.502655
119.100000,1.047198, -0.628319, 0.502655
119.200000,1.047198, -0.628319, 0.502655
119.299000,1.047198, -0.628319, 0.502655
119.400000,1.047198, -0.628319, 0.502655
119.499000,1.047198, -0.628319, 0.502655
119.599000,1.047198, -0.628319, 0.502655
119.700000,1.047198, -0.628319, 0.502655
119.799000,1.047198, -0.628319, 0.502655
119.892000,1.047198, -0.628319, 0.502655
119.992000,1.047198, -0.628319, 0.502655
120.105000,1.047198, -0.628319, 0.502655
120.198000,1.047198, -0.628319, 0.502655
120.292000,1.047198, -0.628319, 0.502655
120.405000,1.047198, -0.628319, 0.502655
120.499000,1.047198, -0.628319, 0.502655
120.592000,1.047198, -0.628319, 0.502655
120.692000,1.047198, -0.628319, 0.502655
120.802000,1.047198, -0.628319, 0.502655
120.899000,1.047198, -0.628319, 0.502655
120.992000,1.047198, -0.628319, 0.502655
121.100000,1.047198, -0.628319, 0.502655
121.206000,1.047198, -0.628319, 0.502655
121.303000,1.047198, -0.628319, 0.502655
121.399000,1.047198, -0.628319, 0.502655
121.492000,1.047198, -0.628319, 0.502655
121.601000,1.047198, -0.628319, 0.502655
121.692000,1.047198, -0.628319, 0.502655
121.803000,1.047198, -0.628319, 0.502655
121.899000,1.047198, -0.628319, 0.502655
122.000000,1.047198, -0.628319, 0.502655
122.092000,1.047198, -0.628319, 0.502655
122.201000,1.047198, -0.628319, 0.502655
122.303000,1.047198, -0.628319, 0.502655
122.399000,1.047198, -0.628319, 0.502655
122.500000,1.047198, -0.628319, 0.502655
122.601000,1.047198, -0.628319, 0.502655
122.692000,1.047198, -0.628319, 0.502655
122.803000,1.047198, -0.628319, 0.502655
122.902000,1.047198, -0.628319, 0.502655
122.999000,1.047198, -0.628319, 0.502655
123.092000,1.047198, -0.628319, 0.502655
123.203000,1.047198, -0.628319, 0.502655
123.302000,1.047198, -0.628319, 0.502655
123.399000,1.047198, -0.628319, 0.502655
123.501000,1.047198, -0.628319, 0.502655
123.601000,1.047198, -0.628319, 0.502655
123.699000,1.047198, -0.628319, 0.502655
123.800000,1.047198, -0.628319, 0.502655
123.899000,1.047198, -0.628319, 0.502655
123.999000,1.047198, -0.628319, 0.502655
124.092000,1.047198, -0.628319, 0.502655
124.208000,1.047198, -0.628319, 0.502655
124.301000,1.047198, -0.628319, 0.502655
124.401000,1.047198, -0.628319, 0.502655
124.499000,1.047198, -0.628319, 0.502655
124.602000,1.047198, -0.628319, 0.502655
124.700000,1.047198, -0.628319, 0.502655
124.799000,1.047198, -0.628319, 0.502655
124.892000,1.047198, -0.628319, 0.502655
125.021000,1.047198, -0.628319, 0.502655
125.101000,1.047198, -0.628319, 0.502655
125.200000,1.047198, -0.628319, 0.502655
125.299000,1.047198, -0.628319, 0.502655
125.399000,1.047198, -0.628319, 0.502655
125.492000,1.047198, -0.628319, 0.502655
125.604000,1.047198, -0.628319, 0.502655
125.703000,1.047198, -0.628319, 0.502655
125.801000,1.047198, -0.628319, 0.502655
125.900000,1.047198, -0.628319, 0.502655
125.999000,1.047198, -0.628319, 0.502655
126.101000,1.047198, -0.628319, 0.502655
126.201000,1.047198, -0.628319, 0.502655
126.299000,1.047198, -0.628319, 0.502655
126.392000,1.047198, -0.628319, 0.502655
126.508000,1.047198, -0.628319, 0.502655
126.592000,1.047198, -0.628319, 0.502655
126.702000,1.047198, -0.628319, 0.502655
126.799000,1.047198, -0.628319, 0.502655
126.899000,1.047198, -0.628319, 0.502655
126.999000,1.047198, -0.628319, 0.502655
127.098000,1.047198, -0.628319, 0.502655
127.199000,1.047198, -0.628319, 0.502655
127.301000,1.047198, -0.628319, 0.502655
127.400000,1.047198, -0.628319, 0.502655
127.503000,1.047198, -0.628319, 0.502655
127.603000,1.047198, -0.628319, 0.502655
127.706000,1.047198, -0.628319, 0.502655
127.804000,1.047198, -0.628319, 0.502655
127.902000,1.047198, -0.628319, 0.502655
128.000000,1.047198, -0.628319, 0.502655
128.098000,1.047198, -0.628319, 0.502655
128.192000,1.047198, -0.628319, 0.502655
128.302000,1.047198, -0.628319, 0.502655
128.392000,1.047198, -0.628319, 0.502655
128.503000,1.047198, -0.628319, 0.502655
128.599000,1.047198, -0.628319, 0.502655
128.700000,1.047198, -0.628319, 0.502655
128.799000,1.047198, -0.628319, 0.502655
128.899000,1.047198, -0.628319, 0.502655
128.992000,1.047198, -0.628319, 0.502655
129.100000,1.047198, -0.628319, 0.502655
129.200000,1.047198, -0.628319, 0.502655
129.301000,1.047198, -0.628319, 0.502655
129.400000,1.047198, -0.628319, 0.502655
129.492000,1.047198, -0.628319, 0.502655
129.602000,1.047198, -0.628319, 0.502655
129.699000,1.047198, -0.628319, 0.502655
129.792000,1.047198, -0.628319, 0.502655
129.911000,1.047198, -0.628319, 0.502655
130.000000,1.047198, -0.628319, 0.502655
130.104000,1.047198, -0.628319, 0.502655
130.199000,1.047198, -0.628319, 0.502655
130.308000,1.047198, -0.628319, 0.502655
130.399000,1.047198, -0.628319, 0.502655
130.492000,1.047198, -0.628319, 0.502655
130.605000,1.047198, -0.628319, 0.502655
130.699000,1.047198, -0.628319, 0.502655
130.792000,1.047198, -0.628319, 0.502655
130.899000,1.047198, -0.628319, 0.502655
131.000000,1.047198, -0.628319, 0.502655
131.098000,1.047198, -0.628319, 0.502655
131.192000,1.047198, -0.628319, 0.502655
131.323000,1.047198, -0.628319, 0.502655
131.403000,1.047198, -0.628319, 0.502655
131.504000,1.047198, -0.628319, 0.502655
131.602000,1.047198, -0.628319, 0.502655
131.700000,1.047198, -0.628319, 0.502655
131.802000,1.047198, -0.628319, 0.502655
131.902000,1.047198, -0.628319, 0.502655
132.001000,1.047198, -0.628319, 0.502655
132.098000,1.047198, -0.628319, 0.502655
132.199000,1.047198, -0.628319, 0.502655
132.292000,1.047198, -0.628319, 0.502655
132.402000,1.047198, -0.628319, 0.502655
132.500000,1.047198, -0.628319, 0.502655
132.604000,1.047198, -0.628319, 0.502655
132.702000,1.047198, -0.628319, 0.502655
132.799000,1.047198, -0.628319, 0.502655
132.892000,1.047198, -0.628319, 0.502655
133.003000,1.047198, -0.628319, 0.502655
133.102000,1.047198, -0.628319, 0.502655
133.203000,1.047198, -0.628319, 0.502655
133.301000,1.047198, -0.628319, 0.502655
133.401000,1.047198, -0.628319, 0.502655
133.499000,1.047198, -0.628319, 0.502655
133.599000,1.047198, -0.628319, 0.502655
133.701000,1.047198, -0.628319, 0.502655
133.799000,1.047198, -0.628319, 0.502655
133.892000,1.047198, -0.628319, 0.502655
134.002000,1.047198, -0.628319, 0.502655
134.099000,1.047198, -0.628319, 0.502655
134.199000,1.047198, -0.628319, 0.502655
134.300000,1.047198, -0.628319, 0.502655
134.399000,1.047198, -0.628319, 0.502655
134.492000,1.047198, -0.628319, 0.502655
134.603000,1.047198, -0.628319, 0.502655
134.698000,1.047198, -0.628319, 0.502655
134.803000,1.047198, -0.628319, 0.502655
134.898000,1.047198, -0.628319, 0.502655
135.001000,1.047198, -0.628319, 0.502655
135.099000,1.047198, -0.628319, 0.502655
135.200000,1.047198, -0.628319, 0.502655
135.301000,1.047198, -0.628319, 0.502655
135.399000,1.047198, -0.628319, 0.502655
135.499000,1.047198, -0.628319, 0.502655
135.599000,1.047198, -0.628319, 0.502655
135.701000,1.047198, -0.628319, 0.502655
135.800000,1.047198, -0.628319, 0.502655
135.901000,1.047198, -0.628319, 0.502655
135.999000,1.047198, -0.628319, 0.502655
136.100000,1.047198, -0.628319, 0.502655
136.199000,1.047198, -0.628319, 0.502655
136.302000,1.047198, -0.628319, 0.502655
136.399000,1.047198, -0.628319, 0.502655
136.499000,1.047198, -0.628319, 0.502655
136.592000,1.047198, -0.628319, 0.502655
136.715000,1.047198, -0.628319, 0.502655
136.800000,1.047198, -0.628319, 0.502655
136.899000,1.047198, -0.628319, 0.502655
137.000000,1.047198, -0.628319, 0.502655
137.100000,1.047198, -0.628319, 0.502655
137.204000,1.047198, -0.628319, 0.502655
137.302000,1.047198, -0.628319, 0.502655
137.402000,1.047198, -0.628319, 0.502655
137.504000,1.047198, -0.628319, 0.502655
137.602000,1.047198, -0.628319, 0.502655
137.707000,1.047198, -0.628319, 0.502655
137.801000,1.047198, -0.628319, 0.502655
137.900000,1.047198, -0.628319, 0.502655
138.004000,1.047198, -0.628319, 0.502655
138.103000,1.047198, -0.628319, 0.502655
138.204000,1.047198, -0.628319, 0.502655
138.302000,1.047198, -0.628319, 0.502655
138.406000,1.047198, -0.628319, 0.502655
138.502000,1.047198, -0.628319, 0.502655
138.601000,1.047198, -0.628319, 0.502655
138.701000,1.047198, -0.628319, 0.502655
138.798000,1.047198, -0.628319, 0.502655
138.899000,1.047198, -0.628319, 0.502655
138.999000,1.047198, -0.628319, 0.502655
139.099000,1.047198, -0.628319, 0.502655
139.200000,1.047198, -0.628319, 0.502655
139.300000,1.047198, -0.628319, 0.502655
139.399000,1.047198, -0.628319, 0.502655
139.499000,1.047198, -0.628319, 0.502655
139.600000,1.047198, -0.628319, 0.502655
139.700000,1.047198, -0.628319, 0.502655
139.801000,1.047198, -0.628319, 0.502655
139.901000,1.047198, -0.628319, 0.502655
140.001000,1.047198, -0.628319, 0.502655
140.099000,1.047198, -0.628319, 0.502655
140.201000,1.047198, -0.628319, 0.502655
140.299000,1.047198, -0.628319, 0.502655
140.399000,1.047198, -0.628319, 0.502655
140.504000,1.047198, -0.628319, 0.502655
140.601000,1.047198, -0.628319, 0.502655
140.702000,1.047198, -0.628319, 0.502655
140.804000,1.047198, -0.628319, 0.502655
140.899000,1.047198, -0.628319, 0.502655
140.999000,1.047198, -0.628319, 0.502655
141.100000,1.047198, -0.628319, 0.502655
141.201000,1.047198, -0.628319, 0.502655
141.300000,1.047198, -0.628319, 0.502655
141.400000,1.047198, -0.628319, 0.502655
141.501000,1.047198, -0.628319, 0.502655
141.601000,1.047198, -0.628319, 0.502655
141.699000,1.047198, -0.628319, 0.502655
141.800000,1.047198, -0.628319, 0.502655
141.899000,1.047198, -0.628319, 0.502655
141.999000,1.047198, -0.628319, 0.502655
142.099000,1.047198, -0.628319, 0.502655
142.204000,1.047198, -0.628319, 0.502655
142.302000,1.047198, -0.628319, 0.502655
142.403000,1.047198, -0.628319, 0.502655
142.500000,1.047198, -0.628319, 0.502655
142.601000,1.047198, -0.628319, 0.502655
142.699000,1.047198, -0.628319, 0.502655
142.802000,1.047198, -0.628319, 0.502655
142.900000,1.047198, -0.628319, 0.502655
142.999000,1.047198, -0.628319, 0.502655
143.101000,1.047198, -0.628319, 0.502655
143.203000,1.047198, -0.628319, 0.502655
143.299000,1.047198, -0.628319, 0.502655
143.401000,1.047198, -0.628319, 0.502655
143.502000,1.047198, -0.628319, 0.502655
143.604000,1.047198, -0.628319, 0.502655
143.705000,1.047198, -0.628319, 0.502655
143.806000,1.047198, -0.628319, 0.502655
143.902000,1.047198, -0.628319, 0.502655
144.002000,1.047198, -0.628319, 0.502655
144.104000,1.047198, -0.628319, 0.502655
144.202000,1.047198, -0.628319, 0.502655
144.299000,1.047198, -0.628319, 0.502655
144.398000,1.047198, -0.628319, 0.502655
144.492000,1.047198, -0.628319, 0.502655
144.604000,1.047198, -0.628319, 0.502655
144.702000,1.047198, -0.628319, 0.502655
144.798000,1.047198, -0.628319, 0.502655
144.899000,1.047198, -0.628319, 0.502655
144.998000,1.047198, -0.628319, 0.502655
145.092000,1.047198, -0.628319, 0.502655
145.211000,1.047198, -0.628319, 0.502655
145.303000,1.047198, -0.628319, 0.502655
145.400000,1.047198, -0.628319, 0.502655
145.499000,1.047198, -0.628319, 0.502655
145.601000,1.047198, -0.628319, 0.502655
145.703000,1.047198, -0.628319, 0.502655
145.802000,1.047198, -0.628319, 0.502655
145.901000,1.047198, -0.628319, 0.502655
146.000000,1.047198, -0.628319, 0.502655
146.101000,1.047198, -0.628319, 0.502655
146.201000,1.047198, -0.628319, 0.502655
146.301000,1.047198, -0.628319, 0.502655
146.401000,1.047198, -0.628319, 0.502655
146.501000,1.047198, -0.628319, 0.502655
146.603000,1.047198, -0.628319, 0.502655
146.700000,1.047198, -0.628319, 0.502655
146.798000,1.047198, -0.628319, 0.502655
146.899000,1.047198, -0.628319, 0.502655
147.001000,1.047198, -0.628319, 0.502655
147.099000,1.047198, -0.628319, 0.502655
147.203000,1.047198, -0.628319, 0.502655
147.305000,1.047198, -0.628319, 0.502655
147.400000,1.047198, -0.628319, 0.502655
147.499000,1.047198, -0.628319, 0.502655
147.598000,1.047198, -0.628319, 0.502655
147.692000,1.047198, -0.628319, 0.502655
147.803000,1.047198, -0.628319, 0.502655
147.902000,1.047198, -0.628319, 0.502655
148.002000,1.047198, -0.628319, 0.502655
148.098000,1.047198, -0.628319, 0.502655
148.199000,1.047198, -0.628319, 0.502655
148.299000,1.047198, -0.628319, 0.502655
148.399000,1.047198, -0.628319, 0.502655
148.502000,1.047198, -0.628319, 0.502655
148.598000,1.047198, -0.628319, 0.502655
148.700000,1.047198, -0.628319, 0.502655
148.801000,1.047198, -0.628319, 0.502655
148.901000,1.047198, -0.628319, 0.502655
149.001000,1.047198, -0.628319, 0.502655
149.099000,1.047198, -0.628319, 0.502655
149.198000,1.047198, -0.628319, 0.502655
149.299000,1.047198, -0.628319, 0.502655
149.399000,1.047198, -0.628319, 0.502655
149.492000,1.047198, -0.628319, 0.502655
149.616000,1.047198, -0.628319, 0.502655
149.704000,1.047198, -0.628319, 0.502655
149.804000,1.047198, -0.628319, 0.502655
149.901000,1.047198, -0.628319, 0.502655
150.000000,1.047198, -0.628319, 0.502655
150.102000,1.047198, -0.628319, 0.502655
150.197000,1.047198, -0.628319, 0.502655
150.300000,1.047198, -0.628319, 0.502655
150.400000,1.047198, -0.628319, 0.502655
150.499000,1.047198, -0.628319, 0.502655
150.599000,1.047198, -0.628319, 0.502655
150.692000,1.047198, -0.628319, 0.502655
150.800000,1.047198, -0.628319, 0.502655
150.892000,1.047198, -0.628319, 0.502655
151.000000,1.047198, -0.628319, 0.502655
151.102000,1.047198, -0.628319, 0.502655
151.199000,1.047198, -0.628319, 0.502655
151.299000,1.047198, -0.628319, 0.502655
151.392000,1.047198, -0.628319, 0.502655
151.501000,1.047198, -0.628319, 0.502655
151.592000,1.047198, -0.628319, 0.502655
151.692000,1.047198, -0.628319, 0.502655
151.792000,1.047198, -0.628319, 0.502655
151.919000,1.047198, -0.628319, 0.502655
152.011000,1.047198, -0.628319, 0.502655
152.101000,1.047198, -0.628319, 0.502655
152.201000,1.047198, -0.628319, 0.502655
152.292000,1.047198, -0.628319, 0.502655
152.401000,1.047198, -0.628319, 0.502655
152.492000,1.047198, -0.628319, 0.502655
152.604000,1.047198, -0.628319, 0.502655
152.705000,1.047198, -0.628319, 0.502655
152.802000,1.047198, -0.628319, 0.502655
152.898000,1.047198, -0.628319, 0.502655
153.000000,1.047198, -0.628319, 0.502655
153.098000,1.047198, -0.628319, 0.502655
153.199000,1.047198, -0.628319, 0.502655
153.299000,1.047198, -0.628319, 0.502655
153.399000,1.047198, -0.628319, 0.502655
153.502000,1.047198, -0.628319, 0.502655
153.599000,1.047198, -0.628319, 0.502655
153.699000,1.047198, -0.628319, 0.502655
153.799000,1.047198, -0.628319, 0.502655
153.900000,1.047198, -0.628319, 0.502655
153.999000,1.047198, -0.628319, 0.502655
154.100000,1.047198, -0.628319, 0.502655
154.203000,1.047198, -0.628319, 0.502655
154.304000,1.047198, -0.628319, 0.502655
154.409000,1.047198, -0.628319, 0.502655
154.506000,1.047198, -0.628319, 0.502655
154.606000,1.047198, -0.628319, 0.502655
154.702000,1.047198, -0.628319, 0.502655
154.800000,1.047198, -0.628319, 0.502655
154.899000,1.047198, -0.628319, 0.502655
155.005000,1.047198, -0.628319, 0.502655
155.104000,1.047198, -0.628319, 0.502655
155.207000,1.047198, -0.628319, 0.502655
155.304000,1.047198, -0.628319, 0.502655
155.401000,1.047198, -0.628319, 0.502655
155.500000,1.047198, -0.628319, 0.502655
155.600000,1.047198, -0.628319, 0.502655
155.698000,1.047198, -0.628319, 0.502655
155.801000,1.047198, -0.628319, 0.502655
155.903000,1.047198, -0.628319, 0.502655
156.005000,1.047198, -0.628319, 0.502655
156.104000,1.047198, -0.628319, 0.502655
156.199000,1.047198, -0.628319, 0.502655
156.299000,1.047198, -0.628319, 0.502655
156.399000,1.047198, -0.628319, 0.502655
156.492000,1.047198, -0.628319, 0.502655
156.616000,1.047198, -0.628319, 0.502655
156.705000,1.047198, -0.628319, 0.502655
156.804000,1.047198, -0.628319, 0.502655
156.903000,1.047198, -0.628319, 0.502655
157.005000,1.047198, -0.628319, 0.502655
157.100000,1.047198, -0.628319, 0.502655
157.198000,1.047198, -0.628319, 0.502655
157.300000,1.047198, -0.628319, 0.502655
157.400000,1.047198, -0.628319, 0.502655
157.503000,1.047198, -0.628319, 0.502655
157.602000,1.047198, -0.628319, 0.502655
157.700000,1.047198, -0.628319, 0.502655
157.799000,1.047198, -0.628319, 0.502655
157.900000,1.047198, -0.628319, 0.502655
157.998000,1.047198, -0.628319, 0.502655
158.099000,1.047198, -0.628319, 0.502655
158.202000,1.047198, -0.628319, 0.502655
158.302000,1.047198, -0.628319, 0.502655
158.398000,1.047198, -0.628319, 0.502655
158.500000,1.047198, -0.628319, 0.502655
158.601000,1.047198, -0.628319, 0.502655
158.699000,1.047198, -0.628319, 0.502655
158.792000,1.047198, -0.628319, 0.502655
158.902000,1.047198, -0.628319, 0.502655
159.001000,1.047198, -0.628319, 0.502655
159.101000,1.047198, -0.628319, 0.502655
159.200000,1.047198, -0.628319, 0.502655
159.303000,1.047198, -0.628319, 0.502655
159.403000,1.047198, -0.628319, 0.502655
159.499000,1.047198, -0.628319, 0.502655
159.692000,1.047198, -0.628319, 0.502655
159.758000,1.047198, -0.628319, 0.502655
159.863000,1.047198, -0.628319, 0.502655
159.955000,1.047198, -0.628319, 0.502655
160.053000,1.047198, -0.628319, 0.502655
160.125000,1.047198, -0.628319, 0.502655
160.204000,1.047198, -0.628319, 0.502655
160.301000,1.047198, -0.628319, 0.502655
160.402000,1.047198, -0.628319, 0.502655
160.498000,1.047198, -0.628319, 0.502655
160.598000,1.047198, -0.628319, 0.502655
160.699000,1.047198, -0.628319, 0.502655
160.800000,1.047198, -0.628319, 0.502655
160.899000,1.047198, -0.628319, 0.502655
160.998000,1.047198, -0.628319, 0.502655
161.092000,1.047198, -0.628319, 0.502655
161.203000,1.047198, -0.628319, 0.502655
161.298000,1.047198, -0.628319, 0.502655
161.402000,1.047198, -0.628319, 0.502655
161.529000,1.047198, -0.628319, 0.502655
161.616000,1.047198, -0.628319, 0.502655
161.703000,1.047198, -0.628319, 0.502655
161.800000,1.047198, -0.628319, 0.502655
161.900000,1.047198, -0.628319, 0.502655
162.000000,1.047198, -0.628319, 0.502655
162.100000,1.047198, -0.628319, 0.502655
162.199000,1.047198, -0.628319, 0.502655
162.302000,1.047198, -0.628319, 0.502655
162.402000,1.047198, -0.628319, 0.502655
162.503000,1.047198, -0.628319, 0.502655
162.599000,1.047198, -0.628319, 0.502655
162.700000,1.047198, -0.628319, 0.502655
162.799000,1.047198, -0.628319, 0.502655
162.899000,1.047198, -0.628319, 0.502655
162.999000,1.047198, -0.628319, 0.502655
163.098000,1.047198, -0.628319, 0.502655
163.201000,1.047198, -0.628319, 0.502655
163.301000,1.047198, -0.628319, 0.502655
163.399000,1.047198, -0.628319, 0.502655
163.500000,1.047198, -0.628319, 0.502655
163.600000,1.047198, -0.628319, 0.502655
163.699000,1.047198, -0.628319, 0.502655
163.792000,1.047198, -0.628319, 0.502655
163.905000,1.047198, -0.628319, 0.502655
164.003000,1.047198, -0.628319, 0.502655
164.099000,1.047198, -0.628319, 0.502655
164.200000,1.047198, -0.628319, 0.502655
164.292000,1.047198, -0.628319, 0.502655
164.403000,1.047198, -0.628319, 0.502655
164.498000,1.047198, -0.628319, 0.502655
164.592000,1.047198, -0.628319, 0.502655
164.703000,1.047198, -0.628319, 0.502655
164.800000,1.047198, -0.628319, 0.502655
164.900000,1.047198, -0.628319, 0.502655
164.999000,1.047198, -0.628319, 0.502655
165.092000,1.047198, -0.628319, 0.502655
165.204000,1.047198, -0.628319, 0.502655
165.299000,1.047198, -0.628319, 0.502655
165.392000,1.047198, -0.628319, 0.502655
165.503000,1.047198, -0.628319, 0.502655
165.602000,1.047198, -0.628319, 0.502655
165.699000,1.047198, -0.628319, 0.502655
165.792000,1.047198, -0.628319, 0.502655
165.902000,1.047198, -0.628319, 0.502655
165.998000,1.047198, -0.628319, 0.502655
166.092000,1.047198, -0.628319, 0.502655
166.199000,1.047198, -0.628319, 0.502655
166.300000,1.047198, -0.628319, 0.502655
166.400000,1.047198, -0.628319, 0.502655
166.499000,1.047198, -0.628319, 0.502655
166.598000,1.047198, -0.628319, 0.502655
166.692000,1.047198, -0.628319, 0.502655
166.799000,1.047198, -0.628319, 0.502655
166.892000,1.047198, -0.628319, 0.502655
167.006000,1.047198, -0.628319, 0.502655
167.103000,1.047198, -0.628319, 0.502655
167.203000,1.047198, -0.628319, 0.502655
167.300000,1.047198, -0.628319, 0.502655
167.399000,1.047198, -0.628319, 0.502655
167.492000,1.047198, -0.628319, 0.502655
167.600000,1.047198, -0.628319, 0.502655
167.697000,1.047198, -0.628319, 0.502655
167.792000,1.047198, -0.628319, 0.502655
167.907000,1.047198, -0.628319, 0.502655
168.001000,1.047198, -0.628319, 0.502655
168.092000,1.047198, -0.628319, 0.502655
168.200000,1.047198, -0.628319, 0.502655
168.299000,1.047198, -0.628319, 0.502655
168.398000,1.047198, -0.628319, 0.502655
168.492000,1.047198, -0.628319, 0.502655
168.599000,1.047198, -0.628319, 0.502655
168.699000,1.047198, -0.628319, 0.502655
168.799000,1.047198, -0.628319, 0.502655
168.899000,1.047198, -0.628319, 0.502655
168.999000,1.047198, -0.628319, 0.502655
169.098000,1.047198, -0.628319, 0.502655
169.198000,1.047198, -0.628319, 0.502655
169.298000,1.047198, -0.628319, 0.502655
169.399000,1.047198, -0.628319, 0.502655
169.499000,1.047198, -0.628319, 0.502655
169.600000,1.047198, -0.628319, 0.502655
169.698000,1.047198, -0.628319, 0.502655
169.800000,1.047198, -0.628319, 0.502655
169.897000,1.047198, -0.628319, 0.502655
169.992000,1.047198, -0.628319, 0.502655
170.104000,1.047198, -0.628319, 0.502655
170.202000,1.047198, -0.628319, 0.502655
170.300000,1.047198, -0.628319, 0.502655
170.400000,1.047198, -0.628319, 0.502655
170.502000,1.047198, -0.628319, 0.502655
170.597000,1.047198, -0.628319, 0.502655
170.699000,1.047198, -0.628319, 0.502655
170.792000,1.047198, -0.628319, 0.502655
170.906000,1.047198, -0.628319, 0.502655
171.006000,1.047198, -0.628319, 0.502655
171.101000,1.047198, -0.628319, 0.502655
171.199000,1.047198, -0.628319, 0.502655
171.303000,1.047198, -0.628319, 0.502655
171.400000,1.047198, -0.628319, 0.502655
171.497000,1.047198, -0.628319, 0.502655
171.592000,1.047198, -0.628319, 0.502655
171.704000,1.047198, -0.628319, 0.502655
171.797000,1.047198, -0.628319, 0.502655
171.898000,1.047198, -0.628319, 0.502655
172.002000,1.047198, -0.628319, 0.502655
172.099000,1.047198, -0.628319, 0.502655
172.201000,1.047198, -0.628319, 0.502655
172.299000,1.047198, -0.628319, 0.502655
172.398000,1.047198, -0.628319, 0.502655
172.499000,1.047198, -0.628319, 0.502655
172.599000,1.047198, -0.628319, 0.502655
172.699000,1.047198, -0.628319, 0.502655
172.802000,1.047198, -0.628319, 0.502655
172.900000,1.047198, -0.628319, 0.502655
172.999000,1.047198, -0.628319, 0.502655
173.099000,1.047198, -0.628319, 0.502655
173.199000,1.047198, -0.628319, 0.502655
173.292000,1.047198, -0.628319, 0.502655
173.406000,1.047198, -0.628319, 0.502655
173.500000,1.047198, -0.628319, 0.502655
173.600000,1.047198, -0.628319, 0.502655
173.702000,1.047198, -0.628319, 0.502655
173.798000,1.047198, -0.628319, 0.502655
173.897000,1.047198, -0.628319, 0.502655
173.992000,1.047198, -0.628319, 0.502655
174.101000,1.047198, -0.628319, 0.502655
174.198000,1.047198, -0.628319, 0.502655
174.292000,1.047198, -0.628319, 0.502655
174.404000,1.047198, -0.628319, 0.502655
174.499000,1.047198, -0.628319, 0.502655
174.600000,1.047198, -0.628319, 0.502655
174.692000,1.047198, -0.628319, 0.502655
174.800000,1.047198, -0.628319, 0.502655
174.897000,1.047198, -0.628319, 0.502655
174.992000,1.047198, -0.628319, 0.502655
175.105000,1.047198, -0.628319, 0.502655
175.202000,1.047198, -0.628319, 0.502655
175.300000,1.047198, -0.628319, 0.502655
175.400000,1.047198, -0.628319, 0.502655
175.500000,1.047198, -0.628319, 0.502655
175.599000,1.047198, -0.628319, 0.502655
175.692000,1.047198, -0.628319, 0.502655
175.804000,1.047198, -0.628319, 0.502655
175.897000,1.047198, -0.628319, 0.502655
176.000000,1.047198, -0.628319, 0.502655
176.102000,1.047198, -0.628319, 0.502655
176.202000,1.047198, -0.628319, 0.502655
176.299000,1.047198, -0.628319, 0.502655
176.399000,1.047198, -0.628319, 0.502655
176.492000,1.047198, -0.628319, 0.502655
176.605000,1.047198, -0.628319, 0.502655
176.700000,1.047198, -0.628319, 0.502655
176.799000,1.047198, -0.628319, 0.502655
176.903000,1.047198, -0.628319, 0.502655
177.001000,1.047198, -0.628319, 0.502655
177.099000,1.047198, -0.628319, 0.502655
177.210000,1.047198, -0.628319, 0.502655
177.298000,1.047198, -0.628319, 0.502655
177.392000,1.047198, -0.628319, 0.502655
177.499000,1.047198, -0.628319, 0.502655
177.600000,1.047198, -0.628319, 0.502655
177.704000,1.047198, -0.628319, 0.502655
177.804000,1.047198, -0.628319, 0.502655
177.902000,1.047198, -0.628319, 0.502655
178.002000,1.047198, -0.628319, 0.502655
178.101000,1.047198, -0.628319, 0.502655
178.198000,1.047198, -0.628319, 0.502655
178.298000,1.047198, -0.628319, 0.502655
178.394000,1.047198, -0.628319, 0.502655
178.499000,1.047198, -0.628319, 0.502655
178.600000,1.047198, -0.628319, 0.502655
178.692000,1.047198, -0.628319, 0.502655
178.806000,1.047198, -0.628319, 0.502655
178.892000,1.047198, -0.628319, 0.502655
179.004000,1.047198, -0.628319, 0.502655
179.092000,1.047198, -0.628319, 0.502655
179.207000,1.047198, -0.628319, 0.502655
179.301000,1.047198, -0.628319, 0.502655
179.400000,1.047198, -0.628319, 0.502655
179.492000,1.047198, -0.628319, 0.502655
179.607000,1.047198, -0.628319, 0.502655
179.698000,1.047198, -0.628319, 0.502655
179.798000,1.047198, -0.628319, 0.502655
179.899000,1.047198, -0.628319, 0.502655
180.001000,1.047198, -0.628319, 0.502655
180.099000,1.047198, -0.628319, 0.502655
180.200000,1.047198, -0.628319, 0.502655
180.292000,1.047198, -0.628319, 0.502655
180.405000,1.047198, -0.628319, 0.502655
180.503000,1.047198, -0.628319, 0.502655
180.598000,1.047198, -0.628319, 0.502655
180.692000,1.047198, -0.628319, 0.502655
180.811000,1.047198, -0.628319, 0.502655
180.902000,1.047198, -0.628319, 0.502655
181.002000,1.047198, -0.628319, 0.502655
181.092000,1.047198, -0.628319, 0.502655
181.202000,1.047198, -0.628319, 0.502655
181.292000,1.047198, -0.628319, 0.502655
181.408000,1.047198, -0.628319, 0.502655
181.498000,1.047198, -0.628319, 0.502655
181.592000,1.047198, -0.628319, 0.502655
181.709000,1.047198, -0.628319, 0.502655
181.801000,1.047198, -0.628319, 0.502655
181.898000,1.047198, -0.628319, 0.502655
181.992000,1.047198, -0.628319, 0.502655
182.110000,1.047198, -0.628319, 0.502655
182.199000,1.047198, -0.628319, 0.502655
182.300000,1.047198, -0.628319, 0.502655
182.400000,1.047198, -0.628319, 0.502655
182.499000,1.047198, -0.628319, 0.502655
182.601000,1.047198, -0.628319, 0.502655
182.692000,1.047198, -0.628319, 0.502655
182.803000,1.047198, -0.628319, 0.502655
182.892000,1.047198, -0.628319, 0.502655
183.011000,1.047198, -0.628319, 0.502655
183.100000,1.047198, -0.628319, 0.502655
183.200000,1.047198, -0.628319, 0.502655
183.299000,1.047198, -0.628319, 0.502655
183.400000,1.047198, -0.628319, 0.502655
183.499000,1.047198, -0.628319, 0.502655
183.598000,1.047198, -0.628319, 0.502655
183.692000,1.047198, -0.628319, 0.502655
183.811000,1.047198, -0.628319, 0.502655
183.920000,1.047198, -0.628319, 0.502655
184.001000,1.047198, -0.628319, 0.502655
184.102000,1.047198, -0.628319, 0.502655
184.204000,1.047198, -0.628319, 0.502655
184.298000,1.047198, -0.628319, 0.502655
184.398000,1.047198, -0.628319, 0.502655
184.497000,1.047198, -0.628319, 0.502655
184.599000,1.047198, -0.628319, 0.502655
184.699000,1.047198, -0.628319, 0.502655
184.792000,1.047198, -0.628319, 0.502655
184.904000,1.047198, -0.628319, 0.502655
185.006000,1.047198, -0.628319, 0.502655
185.103000,1.047198, -0.628319, 0.502655
185.198000,1.047198, -0.628319, 0.502655
185.297000,1.047198, -0.628319, 0.502655
185.392000,1.047198, -0.628319, 0.502655
185.511000,1.047198, -0.628319, 0.502655
185.601000,1.047198, -0.628319, 0.502655
185.692000,1.047198, -0.628319, 0.502655
185.807000,1.047198, -0.628319, 0.502655
185.904000,1.047198, -0.628319, 0.502655
186.003000,1.047198, -0.628319, 0.502655
186.102000,1.047198, -0.628319, 0.502655
186.198000,1.047198, -0.628319, 0.502655
186.299000,1.047198, -0.628319, 0.502655
186.392000,1.047198, -0.628319, 0.502655
186.507000,1.047198, -0.628319, 0.502655
186.604000,1.047198, -0.628319, 0.502655
186.702000,1.047198, -0.628319, 0.502655
186.801000,1.047198, -0.628319, 0.502655
186.892000,1.047198, -0.628319, 0.502655
187.011000,1.047198, -0.628319, 0.502655
187.099000,1.047198, -0.628319, 0.502655
187.199000,1.047198, -0.628319, 0.502655
187.299000,1.047198, -0.628319, 0.502655
187.402000,1.047198, -0.628319, 0.502655
187.552000,1.047198, -0.628319, 0.502655
187.642000,1.047198, -0.628319, 0.502655
187.726000,1.047198, -0.628319, 0.502655
187.802000,1.047198, -0.628319, 0.502655
187.902000,1.047198, -0.628319, 0.502655
187.999000,1.047198, -0.628319, 0.502655
188.099000,1.047198, -0.628319, 0.502655
188.199000,1.047198, -0.628319, 0.502655
188.299000,1.047198, -0.628319, 0.502655
188.400000,1.047198, -0.628319, 0.502655
188.513000,1.047198, -0.628319, 0.502655
188.603000,1.047198, -0.628319, 0.502655
